aX,aY,aZ,gX,gY,gZ
-0.082,0.292,1.095,-38.008,17.321,-15.115
-0.206,0.356,1.227,-22.542,4.756,-14.603
-0.307,0.394,1.154,-8.794,-5.198,-10.053
-0.334,0.377,0.930,-0.183,-12.947,-3.794
-0.261,0.318,0.700,3.863,-15.206,2.672
-0.128,0.250,0.546,5.267,-11.985,7.603
-0.014,0.203,0.497,5.679,-5.809,10.000
0.067,0.186,0.519,5.588,-1.656,10.198
0.128,0.190,0.576,6.046,0.595,8.992
0.156,0.200,0.635,7.855,0.840,7.008
0.156,0.214,0.648,11.481,-0.611,4.443
0.139,0.235,0.613,15.298,-2.863,2.359
0.118,0.265,0.548,18.397,-5.557,0.969
0.101,0.289,0.467,20.534,-7.840,0.145
0.086,0.306,0.392,21.939,-9.466,-0.290
0.079,0.326,0.324,22.748,-10.511,-0.374
0.083,0.343,0.259,23.115,-10.908,-0.137
0.090,0.350,0.202,23.038,-10.824,0.275
0.109,0.368,0.148,22.412,-10.344,0.641
0.125,0.380,0.115,21.344,-9.489,0.756
0.141,0.392,0.091,19.947,-8.153,0.702
0.149,0.401,0.074,18.473,-7.130,0.550
0.158,0.409,0.057,16.931,-6.718,0.267
0.163,0.409,0.040,15.527,-6.679,-0.298
0.165,0.414,0.023,14.229,-6.542,-1.092
0.164,0.425,0.006,12.847,-6.122,-1.924
0.160,0.436,-0.012,11.313,-5.351,-2.588
0.150,0.447,-0.023,9.702,-4.351,-3.038
0.140,0.456,-0.026,8.015,-3.374,-3.168
0.132,0.467,-0.025,6.260,-2.412,-3.046
0.125,0.471,-0.019,4.847,-1.832,-2.687
0.121,0.474,-0.011,3.710,-1.458,-2.214
0.123,0.479,-0.003,2.756,-1.176,-1.824
0.124,0.474,0.007,2.015,-0.947,-1.496
0.128,0.477,0.015,1.557,-0.336,-1.336
0.127,0.479,0.027,1.282,0.344,-1.298
0.127,0.479,0.035,1.176,0.634,-1.252
0.127,0.477,0.043,1.313,0.771,-1.206
0.125,0.477,0.046,1.481,0.641,-1.107
0.123,0.479,0.044,1.405,0.122,-1.008
0.123,0.477,0.040,1.160,-0.221,-0.885
0.123,0.479,0.038,0.863,-0.214,-0.855
0.123,0.479,0.039,0.580,-0.137,-0.817
0.121,0.477,0.043,0.359,-0.023,-0.702
0.121,0.477,0.046,0.122,0.076,-0.565
0.122,0.479,0.047,-0.198,0.191,-0.481
0.123,0.479,0.051,-0.542,0.313,-0.420
0.122,0.478,0.054,-0.817,0.450,-0.366
0.124,0.477,0.060,-0.954,0.710,-0.321
0.123,0.478,0.068,-1.076,0.756,-0.244

-0.049,0.281,1.079,-37.053,21.389,-9.756
-0.090,0.374,1.186,-21.519,6.237,-9.023
-0.140,0.376,1.089,-8.847,-4.183,-6.076
-0.133,0.341,0.886,-0.443,-9.748,-1.641
-0.092,0.284,0.705,3.756,-9.504,2.901
-0.034,0.243,0.607,5.580,-5.427,6.542
0.022,0.213,0.594,6.534,-0.290,9.023
0.076,0.201,0.629,7.595,3.221,10.382
0.122,0.194,0.667,9.573,4.550,10.504
0.148,0.189,0.671,12.748,3.351,9.344
0.170,0.199,0.637,16.015,0.137,7.450
0.193,0.212,0.564,19.000,-3.366,5.122
0.203,0.235,0.471,21.252,-5.954,2.595
0.195,0.259,0.378,22.573,-7.977,0.069
0.178,0.285,0.291,23.000,-9.611,-2.122
0.164,0.313,0.222,22.679,-10.779,-3.672
0.149,0.343,0.166,21.710,-11.580,-4.550
0.140,0.372,0.122,20.145,-12.115,-4.863
0.138,0.393,0.086,18.115,-12.038,-4.779
0.140,0.412,0.061,16.298,-11.275,-4.473
0.141,0.424,0.039,14.786,-9.947,-4.015
0.143,0.431,0.025,13.603,-8.260,-3.481
0.146,0.438,0.012,12.649,-6.489,-2.992
0.148,0.443,-0.000,11.763,-4.817,-2.656
0.145,0.449,-0.008,10.725,-3.725,-2.527
0.143,0.457,-0.012,9.527,-3.252,-2.557
0.139,0.463,-0.016,8.191,-3.198,-2.580
0.135,0.466,-0.021,6.748,-3.260,-2.542
0.134,0.468,-0.027,5.481,-3.221,-2.420
0.133,0.472,-0.031,4.321,-2.908,-2.252
0.132,0.476,-0.029,3.191,-2.420,-2.084
0.128,0.476,-0.025,2.099,-1.740,-1.924
0.125,0.478,-0.020,1.130,-0.985,-1.740
0.122,0.479,-0.010,0.305,-0.206,-1.557
0.121,0.481,-0.001,-0.405,0.534,-1.321
0.121,0.479,0.014,-0.992,1.198,-1.076
0.121,0.479,0.030,-1.527,1.908,-0.817
0.121,0.478,0.049,-1.924,2.267,-0.573
0.121,0.476,0.065,-2.160,2.328,-0.359
0.124,0.474,0.080,-2.214,2.198,-0.153
0.128,0.472,0.090,-2.130,1.908,0.008
0.132,0.469,0.099,-2.015,1.573,0.099
0.137,0.468,0.107,-1.878,1.466,0.069
0.140,0.465,0.116,-1.740,1.595,-0.061
0.141,0.464,0.124,-1.580,1.702,-0.168
0.139,0.464,0.131,-1.374,1.588,-0.244
0.138,0.463,0.138,-1.176,1.336,-0.260
0.137,0.464,0.142,-0.992,0.962,-0.252
0.136,0.464,0.144,-0.786,0.634,-0.237
0.137,0.463,0.144,-0.557,0.397,-0.206

-0.054,0.168,1.229,-51.427,34.550,-7.382
-0.148,0.283,1.451,-29.023,14.473,-8.695
-0.163,0.344,1.363,-8.481,-1.595,-5.954
-0.146,0.330,1.062,5.198,-9.863,-1.855
-0.090,0.278,0.764,11.137,-12.305,2.351
-0.007,0.239,0.565,12.298,-9.511,5.817
0.077,0.226,0.485,11.359,-3.710,8.099
0.133,0.221,0.500,10.405,1.198,9.023
0.166,0.220,0.529,10.710,2.160,8.427
0.192,0.230,0.525,12.450,0.397,6.695
0.201,0.253,0.467,14.893,-3.473,4.099
0.207,0.278,0.376,16.305,-6.565,1.725
0.208,0.310,0.289,16.542,-7.969,-0.321
0.201,0.336,0.230,16.206,-7.924,-2.046
0.192,0.368,0.195,15.580,-6.779,-3.435
0.174,0.389,0.182,14.809,-5.611,-4.389
0.154,0.410,0.172,14.130,-5.038,-4.924
0.132,0.421,0.164,13.847,-5.153,-5.053
0.117,0.428,0.150,13.954,-5.687,-4.748
0.107,0.433,0.132,14.176,-6.420,-4.099
0.107,0.440,0.112,14.191,-6.924,-3.473
0.108,0.447,0.091,14.015,-6.954,-2.962
0.111,0.453,0.069,13.573,-6.435,-2.504
0.111,0.456,0.056,12.908,-5.527,-2.061
0.113,0.457,0.046,12.092,-4.565,-1.664
0.114,0.458,0.039,11.214,-3.855,-1.397
0.116,0.460,0.034,10.244,-3.611,-1.275
0.119,0.460,0.028,9.160,-3.725,-1.237
0.123,0.460,0.020,7.901,-3.672,-1.267
0.128,0.466,0.014,6.748,-3.183,-1.420
0.130,0.470,0.011,5.649,-2.397,-1.573
0.130,0.474,0.015,4.748,-1.168,-1.702
0.126,0.474,0.023,4.130,0.008,-1.718
0.118,0.475,0.032,3.733,0.656,-1.626
0.112,0.478,0.036,3.420,0.679,-1.435
0.110,0.482,0.039,3.046,0.198,-1.176
0.111,0.483,0.038,2.649,-0.275,-0.870
0.112,0.483,0.037,2.191,-0.573,-0.550
0.115,0.483,0.037,1.817,-0.634,-0.313
0.119,0.482,0.037,1.595,-0.382,-0.153
0.123,0.481,0.038,1.458,0.023,-0.046
0.124,0.478,0.040,1.298,0.344,0.015
0.127,0.481,0.044,1.122,0.466,0.031
0.129,0.479,0.049,0.962,0.595,0.031
0.131,0.479,0.053,0.885,0.748,-0.008
0.130,0.477,0.057,0.870,0.656,-0.107
0.132,0.477,0.061,0.908,0.412,-0.229
0.132,0.478,0.060,1.031,0.260,-0.336
0.130,0.478,0.059,1.160,0.183,-0.405
0.132,0.479,0.059,1.260,0.137,-0.405

-0.228,0.116,1.148,-59.160,34.550,-12.458
-0.233,0.257,1.486,-40.366,14.611,-13.962
-0.303,0.283,1.583,-17.786,-0.710,-12.153
-0.303,0.283,1.379,0.702,-13.275,-8.053
-0.252,0.241,1.022,11.366,-19.580,-3.733
-0.173,0.198,0.742,15.763,-21.664,0.382
-0.072,0.177,0.562,16.122,-18.176,3.305
0.016,0.173,0.486,15.351,-10.832,5.359
0.062,0.183,0.475,14.893,-3.786,6.336
0.075,0.198,0.486,15.053,-0.412,6.214
0.082,0.224,0.483,15.718,-0.527,5.321
0.090,0.255,0.456,16.527,-2.878,4.122
0.100,0.280,0.407,17.504,-5.695,2.794
0.112,0.317,0.348,18.359,-7.366,1.412
0.115,0.345,0.298,18.901,-8.321,0.008
0.112,0.359,0.256,19.092,-8.603,-1.046
0.104,0.372,0.220,19.053,-8.687,-1.916
0.096,0.384,0.188,18.832,-8.626,-2.687
0.085,0.400,0.160,18.557,-8.527,-3.290
0.076,0.409,0.135,18.260,-8.145,-3.611
0.068,0.420,0.113,17.870,-7.374,-3.626
0.062,0.433,0.093,17.405,-6.511,-3.366
0.060,0.445,0.074,16.832,-5.695,-2.893
0.058,0.448,0.061,16.061,-5.153,-2.344
0.059,0.454,0.046,14.840,-4.847,-1.756
0.067,0.463,0.034,13.496,-4.573,-1.305
0.075,0.464,0.027,12.206,-4.153,-0.931
0.081,0.464,0.020,10.916,-3.893,-0.710
0.085,0.464,0.014,9.641,-3.748,-0.664
0.090,0.467,0.011,8.458,-3.290,-0.763
0.094,0.473,0.005,7.351,-2.672,-0.863
0.095,0.471,0.004,6.443,-1.992,-0.908
0.094,0.474,0.008,5.710,-1.321,-0.977
0.091,0.478,0.013,5.015,-0.817,-1.069
0.089,0.484,0.017,4.427,-0.504,-1.145
0.084,0.487,0.021,3.947,-0.298,-1.137
0.078,0.486,0.026,3.641,-0.336,-1.008
0.076,0.489,0.029,3.435,-0.458,-0.756
0.078,0.494,0.031,3.252,-0.489,-0.481
0.079,0.490,0.034,3.160,-0.519,-0.198
0.082,0.489,0.033,3.191,-0.687,0.031
0.085,0.487,0.030,3.298,-0.901,0.153
0.089,0.486,0.026,3.366,-1.031,0.183
0.096,0.488,0.022,3.336,-1.115,0.168
0.097,0.485,0.019,3.344,-1.053,0.061
0.098,0.483,0.017,3.336,-0.977,-0.076
0.097,0.485,0.013,3.229,-0.908,-0.252
0.094,0.489,0.006,3.008,-1.145,-0.351
0.092,0.490,0.001,2.824,-1.405,-0.298
0.091,0.490,-0.002,2.756,-1.496,-0.145

-0.153,0.136,1.199,-50.534,41.962,-6.542
-0.166,0.299,1.416,-33.603,18.122,-9.412
-0.153,0.340,1.391,-13.763,-1.511,-8.634
-0.137,0.314,1.170,1.359,-12.305,-5.229
-0.116,0.265,0.893,10.466,-16.794,-1.771
-0.064,0.243,0.659,13.840,-17.397,0.985
-0.000,0.225,0.497,14.076,-13.336,3.443
0.052,0.222,0.422,13.031,-6.260,5.641
0.084,0.225,0.417,11.359,-0.313,7.153
0.112,0.231,0.442,9.824,2.282,7.626
0.138,0.237,0.462,9.244,1.725,6.924
0.166,0.254,0.464,9.817,0.176,5.282
0.181,0.276,0.449,11.328,-0.985,2.908
0.179,0.294,0.425,13.183,-1.656,0.748
0.166,0.317,0.393,15.046,-2.237,-1.099
0.146,0.337,0.362,16.656,-3.275,-2.481
0.122,0.345,0.324,17.771,-5.076,-3.405
0.100,0.356,0.279,18.382,-7.015,-4.160
0.087,0.372,0.243,18.771,-8.740,-4.756
0.077,0.393,0.208,18.740,-9.901,-5.046
0.072,0.415,0.171,18.275,-10.076,-4.947
0.068,0.426,0.147,17.611,-9.221,-4.397
0.062,0.431,0.123,17.115,-7.863,-3.618
0.058,0.431,0.105,16.740,-6.679,-2.756
0.064,0.442,0.087,16.137,-5.618,-1.939
0.074,0.452,0.071,15.183,-4.603,-1.298
0.077,0.454,0.059,13.878,-3.954,-0.847
0.079,0.457,0.056,12.305,-4.137,-0.550
0.088,0.464,0.050,10.748,-4.427,-0.374
0.097,0.460,0.043,9.626,-4.076,-0.328
0.105,0.460,0.040,8.947,-3.290,-0.450
0.106,0.461,0.038,8.611,-2.695,-0.756
0.106,0.463,0.031,8.328,-2.458,-1.069
0.105,0.465,0.025,8.122,-2.046,-1.359
0.102,0.471,0.022,7.847,-1.656,-1.603
0.096,0.476,0.017,7.389,-1.557,-1.656
0.090,0.478,0.012,6.718,-1.702,-1.527
0.090,0.485,0.007,5.985,-1.908,-1.374
0.092,0.489,0.010,5.412,-1.893,-1.183
0.093,0.487,0.012,4.916,-1.794,-0.885
0.096,0.485,0.008,4.519,-1.725,-0.611
0.100,0.485,0.004,4.237,-1.618,-0.489
0.102,0.486,0.002,3.916,-1.534,-0.466
0.104,0.484,0.000,3.580,-1.496,-0.443
0.105,0.483,-0.000,3.206,-1.328,-0.466
0.105,0.485,0.000,2.718,-1.130,-0.542
0.104,0.488,0.001,2.206,-0.916,-0.618
0.101,0.489,0.004,1.847,-0.626,-0.565
0.101,0.492,0.008,1.664,-0.466,-0.435
0.100,0.489,0.013,1.626,-0.344,-0.313

-0.090,0.214,1.154,-47.053,30.527,-2.634
-0.164,0.281,1.314,-29.840,14.389,-4.649
-0.197,0.299,1.317,-12.824,0.626,-3.168
-0.183,0.293,1.134,0.687,-6.939,0.298
-0.162,0.246,0.901,8.702,-10.046,4.221
-0.108,0.206,0.699,12.115,-11.115,7.595
-0.026,0.189,0.557,12.802,-8.947,10.229
0.041,0.190,0.491,12.115,-4.573,11.885
0.073,0.191,0.471,10.992,-2.115,12.420
0.114,0.208,0.455,9.878,-2.893,11.885
0.167,0.237,0.436,9.359,-4.183,10.740
0.207,0.256,0.414,9.924,-4.458,9.137
0.232,0.274,0.397,11.099,-4.198,7.107
0.242,0.290,0.376,12.458,-3.847,4.832
0.240,0.305,0.359,13.771,-3.534,2.542
0.223,0.318,0.338,15.000,-3.321,0.405
0.198,0.327,0.311,16.084,-3.748,-1.336
0.175,0.340,0.281,16.786,-4.931,-2.550
0.156,0.357,0.249,17.069,-6.328,-3.359
0.140,0.373,0.218,17.076,-7.695,-3.824
0.132,0.386,0.193,16.947,-8.702,-3.847
0.125,0.398,0.168,16.656,-9.443,-3.595
0.125,0.406,0.143,16.221,-9.634,-3.206
0.129,0.418,0.120,15.664,-8.824,-2.832
0.128,0.427,0.105,14.969,-7.542,-2.496
0.127,0.436,0.095,14.107,-6.397,-2.153
0.127,0.440,0.083,13.183,-5.450,-1.809
0.126,0.445,0.076,12.313,-4.794,-1.550
0.128,0.444,0.069,11.580,-4.305,-1.374
0.128,0.443,0.063,10.863,-3.977,-1.336
0.128,0.450,0.056,10.122,-4.046,-1.435
0.128,0.452,0.048,9.275,-4.214,-1.588
0.128,0.460,0.041,8.359,-4.237,-1.763
0.129,0.468,0.034,7.519,-3.954,-1.939
0.128,0.466,0.031,6.916,-3.450,-1.992
0.127,0.467,0.028,6.527,-2.641,-1.969
0.125,0.472,0.028,6.229,-1.901,-1.992
0.120,0.474,0.032,5.954,-1.443,-1.969
0.114,0.474,0.028,5.740,-1.145,-1.855
0.112,0.477,0.028,5.519,-0.931,-1.664
0.112,0.479,0.026,5.168,-1.053,-1.359
0.113,0.484,0.023,4.710,-1.405,-1.031
0.118,0.482,0.022,4.221,-1.588,-0.733
0.123,0.481,0.022,3.771,-1.519,-0.511
0.125,0.480,0.023,3.382,-1.412,-0.405
0.128,0.478,0.024,3.099,-1.160,-0.374
0.131,0.480,0.027,2.893,-0.786,-0.443
0.133,0.479,0.031,2.756,-0.588,-0.542
0.133,0.479,0.031,2.718,-0.496,-0.626
0.136,0.480,0.032,2.786,-0.466,-0.733

0.063,0.461,-0.918,-25.878,-9.153,4.527
0.055,0.362,-0.874,-44.084,22.458,9.924
0.042,0.222,-0.598,-60.458,47.847,11.191
0.043,0.118,-0.245,-70.137,65.107,9.031
0.003,0.064,0.134,-71.840,76.435,5.153
-0.180,0.025,0.602,-67.328,73.458,-0.176
-0.276,0.044,1.059,-57.015,44.771,-4.130
-0.209,0.148,1.335,-41.573,19.595,-5.534
-0.173,0.189,1.418,-22.588,6.237,-6.130
-0.178,0.181,1.339,-4.870,-1.000,-5.977
-0.205,0.199,1.143,7.336,-6.191,-4.992
-0.213,0.209,0.913,13.557,-12.198,-2.977
-0.168,0.223,0.697,15.710,-16.710,-0.366
-0.093,0.229,0.529,15.824,-17.405,2.015
-0.016,0.241,0.416,15.115,-15.542,3.565
0.050,0.268,0.365,14.275,-12.611,4.084
0.101,0.299,0.341,13.496,-9.122,3.695
0.125,0.318,0.328,13.191,-6.794,2.809
0.137,0.332,0.319,13.573,-5.603,1.733
0.139,0.348,0.301,14.573,-5.069,0.603
0.130,0.363,0.279,15.611,-4.985,-0.496
0.112,0.376,0.254,16.328,-5.542,-1.420
0.096,0.386,0.229,16.611,-6.427,-1.992
0.085,0.395,0.203,16.618,-7.145,-2.298
0.077,0.408,0.180,16.389,-7.504,-2.397
0.075,0.418,0.160,16.160,-7.336,-2.321
0.074,0.419,0.141,16.053,-6.489,-2.069
0.079,0.425,0.126,15.977,-5.237,-1.725
0.081,0.431,0.110,15.893,-3.908,-1.389
0.083,0.436,0.099,15.603,-2.901,-1.176
0.082,0.440,0.094,14.908,-2.611,-1.084
0.079,0.446,0.083,13.763,-2.977,-1.069
0.082,0.453,0.071,12.427,-3.435,-1.061
0.086,0.459,0.057,11.099,-3.710,-0.985
0.090,0.464,0.047,9.824,-3.855,-0.832
0.096,0.468,0.039,8.534,-3.679,-0.595
0.102,0.473,0.033,7.542,-3.244,-0.458
0.103,0.469,0.032,6.733,-2.573,-0.389
0.105,0.471,0.031,5.977,-2.115,-0.420
0.108,0.476,0.030,5.260,-1.870,-0.504
0.108,0.477,0.030,4.733,-1.641,-0.641
0.108,0.475,0.030,4.435,-1.511,-0.725
0.107,0.476,0.026,4.206,-1.588,-0.802
0.108,0.475,0.021,3.878,-1.634,-0.977
0.106,0.477,0.018,3.351,-1.557,-1.267
0.103,0.480,0.016,2.771,-1.344,-1.557
0.096,0.483,0.015,2.206,-0.969,-1.794
0.091,0.487,0.020,1.733,-0.511,-1.908
0.083,0.487,0.024,1.420,0.107,-1.908
0.077,0.488,0.029,1.183,0.534,-1.794

0.065,0.417,-0.922,-30.687,-3.756,18.687
0.166,0.240,-0.893,-49.618,3.580,21.817
0.297,0.103,-0.701,-64.038,13.008,20.069
0.414,0.037,-0.335,-73.198,27.412,13.473
0.345,0.020,0.124,-73.840,35.656,2.176
0.184,-0.019,0.575,-65.237,31.603,-7.366
0.044,0.072,0.930,-50.992,23.206,-12.893
-0.099,0.147,1.107,-35.023,14.496,-13.107
-0.166,0.204,1.136,-20.420,7.427,-9.168
-0.176,0.220,1.042,-10.420,2.237,-3.244
-0.112,0.185,0.908,-5.069,0.466,1.947
-0.010,0.158,0.815,-2.366,1.656,5.160
0.084,0.144,0.775,-0.580,2.855,5.740
0.137,0.146,0.745,0.924,1.985,3.885
0.156,0.175,0.691,3.069,-0.557,0.527
0.154,0.212,0.621,5.359,-2.718,-2.374
0.130,0.264,0.547,7.702,-4.412,-4.168
0.111,0.303,0.472,10.069,-5.046,-4.443
0.107,0.339,0.419,12.099,-3.947,-3.420
0.110,0.364,0.399,13.450,-2.611,-1.908
0.110,0.363,0.399,14.427,-2.779,-0.679
0.107,0.342,0.387,15.588,-4.931,-0.244
0.116,0.328,0.343,16.977,-7.603,-0.695
0.130,0.333,0.287,18.267,-8.863,-1.710
0.137,0.348,0.245,18.885,-8.084,-2.702
0.127,0.355,0.216,19.031,-6.878,-3.611
0.119,0.367,0.196,18.771,-5.885,-4.260
0.115,0.385,0.178,18.229,-5.076,-4.710
0.108,0.394,0.161,17.710,-4.588,-5.115
0.096,0.401,0.140,17.305,-4.733,-5.389
0.084,0.412,0.110,16.931,-5.191,-5.511
0.076,0.425,0.087,16.397,-5.557,-5.504
0.078,0.445,0.070,15.328,-5.298,-5.145
0.079,0.459,0.057,13.542,-4.573,-4.389
0.080,0.471,0.046,11.794,-3.817,-3.466
0.085,0.472,0.042,10.374,-3.176,-2.519
0.086,0.468,0.042,9.328,-2.779,-1.748
0.089,0.466,0.038,8.534,-2.725,-1.313
0.094,0.463,0.033,7.885,-2.832,-1.115
0.103,0.462,0.025,7.260,-2.763,-1.008
0.113,0.466,0.018,6.557,-2.252,-1.038
0.119,0.469,0.012,5.817,-1.405,-1.206
0.122,0.470,0.012,5.053,-0.397,-1.458
0.120,0.473,0.014,4.435,0.405,-1.779
0.114,0.473,0.017,3.863,0.878,-2.107
0.108,0.477,0.021,3.206,1.107,-2.389
0.100,0.480,0.026,2.496,1.092,-2.611
0.092,0.485,0.033,1.824,0.992,-2.733
0.084,0.488,0.040,1.336,0.771,-2.725
0.076,0.489,0.045,1.053,0.527,-2.573

-0.070,0.548,-0.803,-15.450,-19.588,2.389
-0.015,0.494,-0.976,-34.458,-3.611,10.130
0.006,0.239,-0.844,-55.221,15.015,16.321
0.083,0.050,-0.507,-75.137,28.000,16.847
0.196,-0.144,-0.064,-84.771,35.748,13.542
0.236,-0.235,0.482,-82.450,42.954,6.260
0.129,-0.288,1.057,-69.313,44.908,-2.374
-0.095,-0.213,1.494,-47.924,38.260,-8.649
-0.232,-0.090,1.709,-22.412,23.122,-8.382
-0.272,0.001,1.584,-1.359,8.855,-2.687
-0.232,-0.005,1.258,11.336,-1.466,3.473
-0.104,0.036,0.931,16.908,-5.695,7.229
-0.004,0.094,0.724,16.840,-7.466,8.351
0.083,0.164,0.613,14.458,-7.931,7.084
0.147,0.216,0.576,12.748,-7.183,4.328
0.161,0.243,0.565,12.924,-7.206,0.779
0.133,0.248,0.531,15.000,-8.924,-2.870
0.089,0.267,0.450,17.855,-11.000,-5.931
0.061,0.297,0.362,19.855,-10.527,-7.450
0.048,0.334,0.311,20.954,-7.595,-7.351
0.034,0.361,0.276,21.336,-3.450,-6.031
0.018,0.371,0.263,21.351,0.298,-4.122
0.000,0.373,0.255,21.206,2.359,-2.053
-0.011,0.376,0.250,20.847,1.969,-0.511
-0.005,0.374,0.237,20.229,0.214,0.496
0.011,0.379,0.217,19.351,-1.809,0.954
0.030,0.384,0.191,18.359,-3.565,0.969
0.045,0.386,0.164,17.382,-4.588,0.641
0.059,0.391,0.136,16.450,-4.924,0.099
0.069,0.401,0.113,15.519,-4.527,-0.450
0.075,0.414,0.099,14.351,-3.756,-0.908
0.073,0.420,0.092,12.840,-2.992,-1.183
0.072,0.431,0.086,11.305,-2.443,-1.321
0.070,0.434,0.082,9.817,-2.107,-1.344
0.065,0.439,0.079,8.458,-1.733,-1.290
0.065,0.445,0.080,7.252,-1.466,-1.183
0.065,0.450,0.083,6.221,-1.183,-0.969
0.067,0.451,0.086,5.382,-0.878,-0.718
0.072,0.452,0.089,4.786,-0.382,-0.565
0.073,0.453,0.091,4.389,0.038,-0.649
0.072,0.453,0.096,4.046,0.221,-0.870
0.072,0.457,0.099,3.664,0.176,-1.130
0.068,0.459,0.099,3.366,0.092,-1.374
0.061,0.461,0.099,3.153,0.191,-1.588
0.055,0.463,0.098,3.000,0.618,-1.672
0.048,0.467,0.102,2.893,1.359,-1.656
0.042,0.473,0.106,2.840,2.229,-1.489
0.035,0.477,0.115,2.786,2.702,-1.183
0.030,0.483,0.121,2.595,2.397,-0.802
0.030,0.483,0.123,2.328,1.794,-0.351

0.009,-0.315,1.122,-80.122,36.893,5.969
-0.075,-0.234,1.573,-53.794,31.466,-0.366
-0.144,-0.061,1.832,-23.405,19.641,-2.046
-0.208,0.019,1.662,1.550,5.168,-0.122
-0.211,0.034,1.221,16.382,-7.420,2.496
-0.133,0.071,0.813,21.626,-12.885,4.824
-0.055,0.125,0.569,20.595,-14.031,6.008
0.022,0.218,0.435,15.878,-11.855,5.557
0.071,0.277,0.374,10.458,-8.061,4.031
0.101,0.315,0.377,6.695,-4.221,2.168
0.099,0.328,0.423,5.389,-2.122,0.237
0.082,0.326,0.458,6.580,-2.939,-1.366
0.070,0.324,0.461,9.092,-4.771,-2.527
0.060,0.322,0.434,11.939,-5.847,-2.969
0.049,0.322,0.389,14.336,-5.840,-2.733
0.044,0.322,0.337,15.863,-4.802,-2.053
0.041,0.327,0.292,16.519,-3.137,-1.137
0.044,0.339,0.257,16.405,-1.611,-0.267
0.050,0.343,0.234,15.588,-0.489,0.389
0.056,0.356,0.221,14.237,-0.168,0.603
0.064,0.363,0.220,12.588,-0.267,0.397
0.070,0.371,0.225,11.183,-0.656,-0.015
0.073,0.370,0.231,10.267,-1.076,-0.511
0.073,0.375,0.236,9.809,-1.504,-0.985
0.074,0.377,0.238,9.794,-1.595,-1.305
0.069,0.382,0.241,10.092,-1.214,-1.504
0.064,0.388,0.242,10.473,-0.763,-1.611
0.057,0.394,0.243,11.061,-0.298,-1.626
0.046,0.395,0.236,11.863,0.061,-1.450
0.045,0.403,0.227,12.634,0.580,-1.046
0.048,0.412,0.223,13.031,1.282,-0.595
0.048,0.420,0.223,13.099,1.366,-0.221
0.047,0.416,0.218,13.137,0.336,0.076
0.055,0.421,0.203,13.290,-0.992,0.160
0.062,0.423,0.184,13.573,-1.725,0.046
0.067,0.429,0.165,13.840,-2.168,-0.176
0.072,0.431,0.137,14.137,-2.153,-0.405
0.072,0.437,0.115,14.374,-1.550,-0.779
0.070,0.447,0.098,14.366,-0.809,-1.183
0.062,0.456,0.085,14.137,-0.122,-1.573
0.053,0.459,0.076,13.496,-0.038,-1.718
0.047,0.471,0.062,12.458,-0.534,-1.855
0.039,0.477,0.042,11.191,-1.519,-1.924
0.035,0.484,0.027,9.924,-2.733,-1.847
0.032,0.488,0.011,8.664,-3.427,-1.618
0.034,0.493,0.001,7.366,-3.427,-1.344
0.038,0.497,-0.006,6.084,-2.893,-1.084
0.037,0.500,-0.007,4.840,-1.992,-0.870
0.034,0.500,-0.007,3.450,-1.053,-0.573
0.033,0.499,-0.003,2.275,-0.481,-0.282

-0.030,0.488,-0.899,-23.198,-16.069,0.412
-0.057,0.440,-1.016,-41.611,11.389,6.069
-0.178,0.194,-0.781,-62.664,33.244,11.366
-0.189,-0.013,-0.382,-80.298,39.359,14.519
-0.066,-0.154,0.069,-90.130,38.496,16.641
0.083,-0.200,0.550,-91.489,39.924,15.046
0.050,-0.289,1.031,-80.992,33.710,8.351
0.028,-0.263,1.451,-58.504,19.412,0.771
0.086,-0.088,1.665,-30.015,12.084,-4.977
-0.014,-0.023,1.565,-3.718,5.641,-7.252
-0.100,0.022,1.224,13.557,-0.695,-6.511
-0.121,0.083,0.879,19.779,-5.290,-3.634
-0.091,0.135,0.634,18.511,-8.328,-0.557
-0.025,0.196,0.509,14.053,-8.870,1.267
0.046,0.246,0.472,9.550,-6.672,1.534
0.071,0.264,0.499,7.344,-4.664,0.374
0.072,0.278,0.525,8.427,-4.466,-1.496
0.052,0.303,0.521,11.229,-5.099,-3.351
0.025,0.322,0.489,14.565,-5.328,-4.435
-0.002,0.341,0.444,17.740,-4.634,-4.405
-0.026,0.354,0.393,20.229,-3.695,-3.313
-0.041,0.368,0.342,21.779,-3.160,-1.740
-0.042,0.368,0.304,22.542,-2.992,-0.137
-0.034,0.375,0.270,22.550,-3.130,1.252
-0.016,0.379,0.233,21.954,-3.382,2.267
0.005,0.387,0.206,21.076,-3.420,2.893
0.024,0.376,0.180,20.206,-3.107,3.145
0.046,0.387,0.158,19.221,-2.947,3.000
0.064,0.386,0.136,18.137,-2.466,2.656
0.083,0.393,0.117,16.893,-1.763,2.115
0.097,0.402,0.101,15.405,-1.092,1.534
0.102,0.408,0.091,13.740,-0.618,0.832
0.107,0.417,0.086,12.153,-0.198,0.107
0.108,0.425,0.082,10.832,0.290,-0.466
0.103,0.424,0.084,9.802,0.702,-0.885
0.099,0.430,0.086,8.824,0.992,-1.267
0.097,0.434,0.089,7.985,1.076,-1.534
0.091,0.436,0.094,7.176,1.092,-1.748
0.088,0.442,0.097,6.527,0.977,-2.031
0.082,0.450,0.101,6.061,0.695,-2.298
0.070,0.448,0.107,5.626,0.099,-2.427
0.062,0.455,0.107,5.153,-0.412,-2.542
0.052,0.460,0.102,4.695,-1.092,-2.656
0.045,0.461,0.097,4.328,-1.366,-2.702
0.038,0.466,0.092,3.985,-1.092,-2.626
0.034,0.476,0.092,3.664,-0.298,-2.496
0.023,0.479,0.098,3.305,0.519,-2.229
0.014,0.483,0.100,2.962,0.756,-1.847
0.009,0.487,0.102,2.710,0.580,-1.397
0.009,0.490,0.102,2.573,0.313,-0.908

0.072,-0.359,1.013,-82.985,37.695,4.466
-0.041,-0.312,1.569,-52.878,32.000,-1.443
-0.022,-0.076,1.852,-20.504,18.802,-3.641
-0.087,-0.077,1.646,6.710,4.542,-3.725
-0.129,-0.069,1.187,22.466,-5.878,-3.252
-0.107,-0.019,0.806,27.519,-12.252,-2.282
-0.042,0.091,0.557,25.328,-13.160,-1.282
-0.004,0.178,0.420,19.107,-10.748,-0.878
0.036,0.241,0.371,12.466,-7.435,-0.847
0.059,0.283,0.407,8.137,-4.511,-1.298
0.061,0.311,0.462,7.023,-4.275,-2.458
0.049,0.306,0.489,9.008,-5.565,-3.817
0.032,0.311,0.484,12.443,-7.313,-4.840
0.020,0.307,0.446,16.489,-7.466,-5.145
0.009,0.311,0.399,20.183,-5.656,-4.656
-0.002,0.322,0.349,22.710,-3.511,-3.298
-0.002,0.337,0.305,23.985,-1.450,-1.573
-0.000,0.348,0.283,24.076,-0.435,-0.107
0.002,0.359,0.263,22.931,-1.206,0.802
0.015,0.368,0.242,21.061,-3.595,1.107
0.033,0.380,0.209,19.008,-5.397,1.038
0.050,0.386,0.186,17.489,-5.603,0.847
0.071,0.395,0.174,16.481,-4.611,0.573
0.082,0.399,0.165,16.000,-2.824,0.206
0.085,0.403,0.161,15.786,-1.023,-0.244
0.076,0.406,0.158,15.473,-0.496,-0.679
0.071,0.411,0.150,14.763,-1.344,-1.015
0.072,0.420,0.127,13.771,-2.191,-1.282
0.073,0.431,0.105,12.664,-2.618,-1.466
0.077,0.439,0.090,11.550,-2.504,-1.511
0.077,0.444,0.079,10.466,-2.252,-1.435
0.078,0.451,0.072,9.160,-2.031,-1.366
0.081,0.456,0.068,7.901,-1.557,-1.443
0.077,0.455,0.068,6.809,-1.198,-1.588
0.071,0.458,0.071,5.824,-1.046,-1.794
0.064,0.460,0.072,5.038,-1.046,-1.962
0.058,0.465,0.068,4.412,-1.061,-2.061
0.054,0.468,0.067,3.939,-0.832,-2.053
0.048,0.471,0.070,3.504,-0.496,-1.916
0.047,0.475,0.071,2.924,0.015,-1.687
0.043,0.481,0.078,2.305,0.626,-1.550
0.035,0.482,0.091,1.794,0.901,-1.298
0.029,0.483,0.102,1.466,0.672,-0.939
0.028,0.485,0.106,1.206,0.023,-0.511
0.033,0.486,0.107,1.053,-0.405,-0.107
0.037,0.486,0.107,1.038,-0.489,0.260
0.043,0.480,0.106,1.122,-0.328,0.504
0.050,0.478,0.105,1.198,0.061,0.573
0.056,0.479,0.107,1.305,0.550,0.519
0.058,0.477,0.111,1.443,0.779,0.435

-0.154,-0.238,1.069,-55.954,44.160,1.397
-0.053,-0.036,1.439,-36.595,22.695,-1.046
-0.030,-0.042,1.491,-13.229,4.534,-2.649
-0.030,-0.029,1.298,5.092,-6.076,-4.389
-0.030,-0.017,0.993,16.756,-10.298,-5.962
-0.041,0.042,0.743,22.420,-10.580,-6.168
-0.045,0.138,0.581,22.504,-9.328,-4.786
-0.046,0.225,0.483,19.160,-7.534,-2.656
-0.032,0.289,0.429,14.710,-6.015,-0.527
-0.008,0.323,0.409,10.962,-4.931,1.107
0.018,0.328,0.416,9.260,-3.802,1.824
0.026,0.342,0.437,9.405,-3.527,1.565
0.034,0.343,0.443,10.802,-4.061,0.962
0.041,0.343,0.439,13.191,-4.038,0.489
0.042,0.342,0.420,15.786,-3.756,0.321
0.037,0.340,0.382,18.168,-3.611,0.305
0.042,0.348,0.341,19.878,-3.321,0.496
0.045,0.350,0.304,20.679,-2.779,0.817
0.052,0.358,0.279,20.763,-2.359,1.023
0.061,0.365,0.258,20.260,-2.466,1.069
0.069,0.367,0.238,19.427,-2.916,0.908
0.077,0.371,0.216,18.221,-3.756,0.466
0.085,0.378,0.193,16.947,-4.092,-0.214
0.090,0.389,0.169,15.908,-3.863,-0.969
0.086,0.390,0.153,15.374,-3.282,-1.550
0.081,0.399,0.140,15.000,-2.321,-1.893
0.077,0.414,0.132,14.298,-1.466,-2.069
0.070,0.426,0.121,13.099,-1.153,-2.145
0.064,0.432,0.109,11.695,-1.359,-2.122
0.057,0.435,0.098,10.160,-1.840,-2.008
0.059,0.443,0.090,8.435,-2.145,-1.870
0.063,0.452,0.085,6.924,-1.641,-1.763
0.059,0.455,0.086,5.618,-1.084,-1.649
0.055,0.459,0.087,4.573,-0.763,-1.489
0.052,0.461,0.091,3.931,-0.481,-1.359
0.050,0.462,0.097,3.611,-0.130,-1.229
0.044,0.464,0.101,3.405,0.290,-1.122
0.039,0.470,0.109,3.191,0.626,-1.031
0.031,0.473,0.118,2.985,0.618,-0.809
0.026,0.474,0.127,2.870,0.214,-0.511
0.028,0.472,0.129,2.962,-0.275,-0.092
0.033,0.471,0.128,3.160,-0.611,0.275
0.042,0.471,0.122,3.275,-0.550,0.573
0.052,0.472,0.116,3.153,-0.137,0.725
0.058,0.472,0.114,2.794,0.313,0.718
0.060,0.472,0.114,2.366,0.458,0.649
0.059,0.473,0.117,1.954,0.183,0.565
0.060,0.474,0.120,1.656,-0.168,0.511
0.062,0.472,0.125,1.565,-0.435,0.496
0.064,0.473,0.123,1.603,-0.634,0.466

-0.250,-0.246,0.948,-63.763,47.000,-6.321
-0.264,-0.135,1.269,-52.351,27.122,-6.847
-0.215,-0.106,1.458,-36.008,10.519,-6.153
-0.183,-0.083,1.498,-16.527,-2.229,-4.931
-0.154,-0.067,1.369,2.008,-8.786,-4.504
-0.147,-0.065,1.132,16.198,-11.718,-4.489
-0.124,0.001,0.884,24.954,-10.664,-3.702
-0.114,0.093,0.716,27.992,-8.458,-1.885
-0.099,0.162,0.603,26.939,-7.275,0.229
-0.066,0.220,0.529,24.687,-6.733,1.626
-0.041,0.255,0.482,22.939,-6.168,2.122
-0.030,0.271,0.456,22.198,-5.847,1.824
-0.024,0.296,0.436,22.214,-5.611,1.321
-0.034,0.302,0.409,22.786,-6.328,1.053
-0.027,0.312,0.372,23.969,-6.641,1.229
-0.019,0.324,0.333,25.183,-6.473,1.672
-0.006,0.330,0.288,25.947,-6.252,2.198
0.013,0.342,0.248,26.267,-5.672,2.733
0.026,0.342,0.216,26.023,-5.237,3.000
0.042,0.350,0.184,25.137,-5.634,2.870
0.060,0.356,0.155,23.824,-6.153,2.374
0.073,0.367,0.127,22.214,-6.435,1.534
0.077,0.375,0.108,20.420,-6.954,0.626
0.078,0.386,0.086,18.420,-7.427,-0.206
0.077,0.397,0.072,16.267,-7.473,-0.947
0.079,0.409,0.060,14.145,-6.649,-1.473
0.077,0.419,0.048,12.336,-5.053,-1.763
0.079,0.426,0.042,10.962,-2.756,-1.740
0.075,0.432,0.042,10.000,-0.763,-1.573
0.069,0.440,0.047,8.878,0.282,-1.489
0.062,0.448,0.054,7.534,0.435,-1.542
0.054,0.451,0.058,6.305,0.015,-1.458
0.050,0.457,0.062,5.351,-0.321,-1.313
0.045,0.464,0.065,4.527,-0.489,-1.084
0.044,0.468,0.066,3.794,-0.687,-0.855
0.044,0.470,0.071,3.183,-0.954,-0.702
0.046,0.472,0.069,2.687,-0.992,-0.611
0.049,0.472,0.069,2.374,-0.557,-0.588
0.052,0.476,0.070,2.130,0.198,-0.611
0.051,0.478,0.074,1.870,0.977,-0.641
0.046,0.481,0.083,1.573,1.244,-0.641
0.043,0.488,0.091,1.275,0.863,-0.489
0.044,0.484,0.094,1.008,0.504,-0.229
0.044,0.490,0.099,0.664,0.053,-0.069
0.047,0.485,0.102,0.214,-0.580,0.107
0.055,0.484,0.099,-0.122,-0.885,0.221
0.061,0.483,0.099,-0.267,-0.305,0.267
0.064,0.484,0.103,-0.252,0.389,0.244
0.063,0.482,0.107,-0.214,0.740,0.214
0.062,0.481,0.113,-0.183,0.748,0.198

-0.276,-0.192,0.953,-68.122,42.412,-6.939
-0.268,-0.071,1.327,-51.939,22.038,-7.260
-0.252,-0.004,1.499,-32.366,8.412,-5.366
-0.227,-0.007,1.481,-12.061,-2.412,-3.351
-0.185,-0.006,1.280,4.450,-9.527,-2.229
-0.141,-0.003,1.012,15.359,-13.099,-1.542
-0.100,0.036,0.793,21.206,-11.962,-0.321
-0.065,0.097,0.662,22.237,-8.863,1.000
-0.044,0.149,0.593,21.076,-6.947,1.763
-0.031,0.188,0.542,19.695,-7.321,1.565
-0.021,0.222,0.480,19.206,-9.092,0.626
-0.003,0.266,0.418,19.359,-9.687,-0.427
-0.000,0.310,0.370,19.618,-8.458,-1.206
-0.012,0.336,0.337,19.412,-7.015,-1.298
-0.024,0.350,0.320,19.015,-5.511,-0.809
-0.029,0.363,0.306,18.580,-4.824,0.137
-0.025,0.366,0.288,18.267,-5.107,1.130
-0.009,0.361,0.268,18.053,-5.282,1.931
0.005,0.359,0.254,17.725,-5.084,2.336
0.020,0.363,0.240,17.374,-4.786,2.405
0.031,0.360,0.225,17.252,-4.084,2.359
0.036,0.367,0.216,16.947,-3.550,2.160
0.041,0.372,0.208,16.382,-3.344,1.802
0.046,0.375,0.199,15.855,-3.328,1.458
0.049,0.380,0.189,15.366,-3.298,1.092
0.053,0.388,0.181,14.985,-3.244,0.733
0.052,0.394,0.173,14.603,-3.206,0.435
0.053,0.401,0.162,14.176,-3.427,0.305
0.055,0.408,0.145,13.763,-3.611,0.305
0.061,0.417,0.130,13.290,-3.565,0.366
0.065,0.427,0.118,12.557,-3.267,0.382
0.069,0.435,0.108,11.580,-3.015,0.351
0.074,0.441,0.097,10.573,-2.718,0.244
0.075,0.446,0.088,9.511,-2.443,0.069
0.078,0.451,0.080,8.351,-2.206,-0.183
0.079,0.458,0.071,7.244,-2.015,-0.366
0.076,0.465,0.065,6.099,-2.099,-0.550
0.079,0.468,0.060,5.076,-2.221,-0.687
0.081,0.470,0.055,4.252,-1.809,-0.748
0.080,0.473,0.057,3.443,-1.015,-0.817
0.074,0.482,0.063,2.603,-0.282,-0.893
0.065,0.471,0.071,1.870,0.092,-0.763
0.062,0.479,0.080,1.489,0.489,-0.618
0.056,0.473,0.087,1.221,0.321,-0.519
0.056,0.473,0.089,0.962,-0.252,-0.496
0.056,0.475,0.090,0.763,-0.473,-0.550
0.055,0.478,0.091,0.649,-0.229,-0.550
0.055,0.480,0.091,0.649,0.252,-0.366
0.057,0.480,0.095,0.672,0.718,-0.115
0.058,0.478,0.101,0.618,1.061,0.053

-0.157,-0.240,1.064,-77.061,29.947,2.229
-0.102,-0.140,1.452,-56.802,17.725,-1.473
-0.085,-0.036,1.638,-31.061,11.718,-2.794
-0.132,0.011,1.595,-4.702,2.305,-1.916
-0.143,0.023,1.339,12.458,-5.924,-0.534
-0.132,0.034,1.028,21.809,-12.084,0.985
-0.077,0.081,0.776,25.466,-14.969,2.298
-0.012,0.145,0.615,25.542,-14.176,2.916
0.033,0.200,0.525,24.053,-12.328,2.710
0.058,0.240,0.461,22.397,-10.901,1.771
0.065,0.278,0.404,21.267,-9.878,0.298
0.055,0.305,0.360,20.794,-9.336,-1.298
0.042,0.332,0.321,20.901,-8.420,-2.634
0.022,0.359,0.292,20.901,-7.344,-3.000
0.012,0.379,0.265,20.794,-6.282,-2.450
0.008,0.386,0.241,20.679,-5.153,-1.244
0.013,0.387,0.220,20.237,-4.382,0.046
0.028,0.391,0.198,19.481,-4.015,0.962
0.038,0.387,0.182,18.473,-3.924,1.321
0.052,0.391,0.164,17.275,-4.435,1.290
0.064,0.389,0.148,16.160,-4.863,1.061
0.073,0.393,0.138,14.992,-4.802,0.626
0.079,0.404,0.134,13.901,-4.130,0.137
0.081,0.408,0.128,13.053,-3.298,-0.229
0.075,0.404,0.124,12.565,-2.802,-0.458
0.072,0.406,0.118,12.084,-2.786,-0.656
0.070,0.412,0.110,11.435,-2.824,-0.878
0.073,0.423,0.099,10.618,-2.779,-0.954
0.073,0.431,0.088,9.672,-2.427,-0.931
0.076,0.444,0.083,8.672,-1.855,-0.847
0.074,0.450,0.081,7.595,-1.237,-0.641
0.071,0.455,0.081,6.656,-1.076,-0.397
0.071,0.459,0.081,5.702,-1.252,-0.176
0.071,0.463,0.082,4.756,-1.664,-0.023
0.074,0.464,0.083,3.916,-1.824,0.023
0.081,0.464,0.081,3.412,-1.458,0.061
0.084,0.467,0.081,3.191,-0.725,0.046
0.083,0.468,0.084,2.939,-0.069,0.000
0.080,0.470,0.087,2.550,0.061,-0.053
0.077,0.473,0.086,2.069,-0.076,-0.084
0.077,0.474,0.084,1.595,-0.260,-0.061
0.080,0.474,0.083,1.275,-0.198,0.046
0.080,0.475,0.085,0.992,-0.061,0.122
0.081,0.474,0.085,0.672,0.015,0.214
0.083,0.473,0.085,0.321,-0.015,0.313
0.087,0.472,0.084,-0.023,0.076,0.351
0.091,0.473,0.088,-0.344,0.313,0.321
0.092,0.470,0.093,-0.565,0.504,0.275
0.091,0.473,0.102,-0.748,0.588,0.221
0.091,0.472,0.110,-0.855,0.573,0.145

-0.131,-0.469,0.874,-86.298,56.817,-4.168
-0.268,-0.359,1.442,-66.603,38.244,-8.656
-0.265,-0.172,1.800,-42.405,20.527,-9.763
-0.325,-0.129,1.859,-17.137,4.649,-7.969
-0.319,-0.087,1.614,5.511,-10.328,-4.863
-0.284,-0.080,1.239,18.405,-19.000,-1.580
-0.208,-0.028,0.908,24.847,-22.076,1.504
-0.104,0.067,0.707,26.290,-18.153,3.740
-0.032,0.154,0.614,24.855,-10.496,4.924
-0.003,0.205,0.579,22.817,-5.481,5.115
0.004,0.228,0.560,21.969,-4.954,4.466
0.008,0.242,0.527,22.977,-7.015,3.313
0.025,0.261,0.468,25.099,-8.740,2.305
0.041,0.282,0.414,27.481,-8.718,1.931
0.053,0.292,0.358,29.542,-7.679,2.443
0.062,0.301,0.310,30.786,-6.344,3.267
0.068,0.303,0.272,31.168,-5.794,3.840
0.080,0.307,0.235,30.702,-6.344,4.031
0.103,0.315,0.201,29.794,-6.992,3.779
0.122,0.320,0.167,28.695,-7.351,3.115
0.139,0.328,0.138,27.466,-7.687,2.115
0.147,0.335,0.110,26.046,-7.962,0.847
0.154,0.348,0.079,24.450,-7.832,-0.527
0.154,0.385,0.054,22.611,-7.244,-1.802
0.143,0.363,0.033,20.748,-6.252,-2.511
0.134,0.390,0.015,18.977,-4.702,-3.046
0.123,0.403,0.005,17.053,-3.550,-3.405
0.114,0.420,-0.002,15.092,-2.809,-3.557
0.102,0.428,-0.006,13.229,-2.580,-3.481
0.096,0.436,-0.013,11.542,-2.672,-3.260
0.090,0.445,-0.018,10.000,-2.779,-2.969
0.080,0.455,-0.020,8.397,-3.061,-2.725
0.078,0.463,-0.028,6.740,-3.336,-2.374
0.082,0.470,-0.039,5.153,-2.847,-1.947
0.087,0.473,-0.046,3.977,-1.389,-1.588
0.086,0.480,-0.042,2.763,0.069,-1.351
0.079,0.484,-0.035,1.374,0.969,-1.275
0.071,0.486,-0.022,-0.008,1.015,-1.244
0.066,0.490,-0.013,-1.153,0.603,-1.107
0.066,0.493,-0.001,-1.962,0.649,-0.824
0.067,0.496,0.014,-2.389,1.099,-0.466
0.067,0.494,0.033,-2.534,1.573,-0.092
0.067,0.492,0.052,-2.450,1.664,0.275
0.071,0.491,0.066,-2.252,1.359,0.580
0.077,0.490,0.073,-1.901,1.046,0.786
0.085,0.488,0.080,-1.435,0.756,0.847
0.093,0.483,0.082,-0.969,0.351,0.855
0.100,0.481,0.080,-0.634,-0.198,0.733
0.106,0.479,0.077,-0.565,-0.863,0.504
0.106,0.480,0.072,-0.740,-1.550,0.160

-0.223,-0.330,0.915,-66.122,51.580,-4.466
-0.204,-0.149,1.351,-49.519,34.099,-7.779
-0.220,-0.083,1.600,-29.924,17.763,-7.962
-0.261,-0.098,1.612,-9.427,1.214,-5.954
-0.214,-0.053,1.382,8.481,-10.160,-3.947
-0.186,-0.041,1.088,21.321,-16.267,-2.710
-0.135,0.003,0.820,27.122,-16.740,-1.405
-0.081,0.083,0.648,28.855,-11.458,0.527
-0.062,0.152,0.573,28.023,-5.634,2.595
-0.057,0.198,0.537,25.840,-4.069,4.221
-0.041,0.229,0.507,23.863,-5.756,4.817
-0.012,0.262,0.472,22.893,-7.863,4.458
0.009,0.272,0.434,23.130,-9.137,3.710
0.014,0.283,0.387,23.931,-9.802,2.931
0.025,0.292,0.339,24.885,-9.634,2.573
0.031,0.308,0.297,25.550,-8.626,2.611
0.037,0.323,0.260,25.305,-7.786,2.885
0.050,0.340,0.226,24.519,-7.015,3.313
0.059,0.336,0.199,23.366,-6.504,3.855
0.065,0.348,0.180,21.977,-6.344,4.046
0.075,0.354,0.163,20.389,-6.954,3.809
0.087,0.357,0.146,18.687,-7.450,3.336
0.097,0.368,0.132,16.870,-7.511,2.702
0.108,0.381,0.118,15.031,-7.275,2.008
0.117,0.386,0.101,13.275,-6.176,1.336
0.123,0.392,0.088,11.870,-4.145,0.725
0.123,0.399,0.080,10.527,-1.939,0.130
0.117,0.409,0.082,9.321,-0.275,-0.427
0.107,0.416,0.093,8.298,0.611,-0.832
0.096,0.420,0.102,7.328,0.740,-0.931
0.092,0.427,0.103,6.458,0.221,-0.832
0.096,0.434,0.103,5.817,-0.176,-0.672
0.103,0.438,0.106,5.382,-0.206,-0.527
0.105,0.442,0.110,4.985,-0.092,-0.519
0.105,0.444,0.112,4.565,-0.122,-0.664
0.106,0.449,0.114,4.099,-0.275,-0.924
0.105,0.451,0.112,3.618,-0.237,-1.183
0.101,0.458,0.117,3.183,-0.023,-1.420
0.093,0.459,0.120,2.740,-0.023,-1.573
0.087,0.461,0.121,2.344,-0.412,-1.550
0.083,0.464,0.117,1.939,-0.969,-1.397
0.083,0.468,0.116,1.473,-1.519,-1.168
0.087,0.469,0.111,0.962,-1.511,-0.924
0.093,0.470,0.110,0.527,-0.779,-0.786
0.094,0.473,0.114,0.267,0.305,-0.794
0.092,0.468,0.127,0.221,0.870,-0.779
0.087,0.469,0.139,0.298,0.664,-0.779
0.084,0.471,0.144,0.481,-0.122,-0.847
0.085,0.473,0.145,0.695,-0.901,-0.908
0.087,0.475,0.147,0.977,-1.206,-0.962

-0.079,-0.476,0.878,-82.710,52.229,-1.115
-0.142,-0.346,1.539,-57.824,36.656,-8.664
-0.103,-0.155,1.865,-30.237,23.130,-11.947
-0.234,-0.168,1.849,-3.260,9.718,-11.427
-0.258,-0.111,1.536,16.023,-4.740,-8.511
-0.213,-0.095,1.133,26.817,-12.336,-5.550
-0.138,-0.015,0.836,30.885,-14.527,-3.305
-0.075,0.090,0.642,30.176,-13.557,-1.939
-0.048,0.167,0.543,27.557,-11.924,-1.466
-0.045,0.221,0.467,24.901,-11.893,-1.870
-0.042,0.268,0.401,23.214,-12.924,-2.603
-0.032,0.306,0.346,22.252,-12.763,-3.328
-0.022,0.343,0.303,21.718,-10.893,-3.718
-0.018,0.361,0.274,21.473,-7.740,-3.473
-0.024,0.376,0.263,21.313,-4.466,-2.595
-0.031,0.379,0.251,21.130,-2.626,-1.305
-0.032,0.381,0.236,21.053,-1.771,0.115
-0.026,0.377,0.217,20.679,-2.053,1.412
-0.008,0.373,0.197,19.885,-3.038,2.573
0.010,0.372,0.177,18.824,-3.695,3.237
0.033,0.373,0.159,17.573,-3.824,3.366
0.053,0.374,0.143,16.321,-3.443,3.092
0.066,0.380,0.131,15.176,-2.511,2.527
0.073,0.383,0.124,14.053,-1.603,1.863
0.077,0.390,0.120,12.832,-0.977,1.267
0.077,0.397,0.115,11.504,-0.557,0.824
0.079,0.403,0.115,9.992,-0.229,0.618
0.078,0.417,0.113,8.282,0.000,0.611
0.080,0.424,0.119,6.382,0.046,0.802
0.080,0.426,0.126,4.901,-0.206,1.061
0.084,0.428,0.129,3.748,-0.718,1.229
0.092,0.429,0.131,2.985,-1.031,1.237
0.097,0.432,0.134,2.534,-0.969,1.084
0.105,0.434,0.137,2.221,-0.511,0.779
0.105,0.438,0.142,2.046,0.153,0.366
0.100,0.445,0.147,1.802,0.496,-0.160
0.095,0.452,0.154,1.534,0.733,-0.641
0.082,0.453,0.164,1.336,0.786,-0.885
0.073,0.455,0.167,1.198,0.458,-0.885
0.068,0.455,0.169,1.176,0.260,-0.771
0.068,0.460,0.170,1.092,0.000,-0.611
0.070,0.463,0.168,0.924,-0.130,-0.489
0.070,0.462,0.169,0.817,0.008,-0.366
0.067,0.463,0.172,0.718,-0.099,-0.229
0.067,0.463,0.175,0.656,-0.206,-0.115
0.067,0.463,0.176,0.672,-0.061,-0.023
0.068,0.462,0.178,0.733,0.053,0.046
0.068,0.461,0.182,0.870,-0.008,0.130
0.069,0.459,0.182,1.008,-0.206,0.176
0.069,0.459,0.179,1.084,-0.366,0.160

-0.131,0.520,-0.782,-21.382,6.626,5.244
-0.088,0.382,-0.893,-45.939,6.023,13.824
-0.063,0.090,-0.770,-67.611,8.130,20.420
0.154,-0.069,-0.444,-84.511,10.802,24.748
0.381,-0.198,-0.037,-93.863,22.137,25.137
0.457,-0.277,0.372,-90.756,42.420,17.244
0.200,-0.560,0.899,-75.260,52.420,5.427
0.124,-0.352,1.491,-53.313,38.954,-6.107
0.073,-0.183,1.751,-29.435,19.954,-13.015
-0.042,-0.118,1.638,-6.076,4.038,-15.565
-0.123,-0.078,1.310,10.366,-6.840,-14.473
-0.162,-0.033,0.981,17.702,-13.397,-11.282
-0.132,0.042,0.743,18.176,-15.695,-7.336
-0.072,0.144,0.581,15.038,-12.756,-3.443
-0.025,0.199,0.511,11.069,-6.412,0.046
0.027,0.254,0.509,8.351,-1.878,2.176
0.066,0.284,0.542,7.183,-0.191,2.969
0.082,0.279,0.572,7.748,-1.550,2.534
0.088,0.260,0.579,10.313,-4.573,1.168
0.097,0.246,0.553,14.473,-7.115,-0.405
0.105,0.251,0.506,18.855,-7.802,-1.534
0.108,0.264,0.455,22.435,-7.130,-1.893
0.105,0.278,0.408,24.817,-6.275,-1.511
0.089,0.285,0.367,26.214,-6.435,-0.847
0.090,0.294,0.323,26.870,-7.206,-0.275
0.094,0.301,0.283,27.214,-7.817,0.160
0.097,0.309,0.244,26.969,-8.809,0.366
0.110,0.326,0.206,26.099,-9.389,0.275
0.126,0.352,0.173,24.840,-8.771,0.008
0.132,0.362,0.147,23.588,-7.626,-0.252
0.134,0.361,0.122,22.573,-6.603,-0.481
0.135,0.367,0.096,21.656,-5.710,-0.702
0.140,0.386,0.073,20.359,-4.969,-0.939
0.143,0.404,0.054,18.542,-4.145,-1.237
0.139,0.419,0.038,16.221,-3.977,-1.557
0.134,0.427,0.026,13.626,-4.229,-1.718
0.132,0.435,0.014,11.160,-4.481,-1.740
0.136,0.444,0.006,9.092,-4.023,-1.595
0.136,0.446,0.004,7.511,-2.710,-1.328
0.139,0.449,0.010,6.366,-1.038,-0.931
0.143,0.454,0.021,5.435,0.519,-0.550
0.144,0.456,0.033,4.588,1.435,-0.412
0.145,0.455,0.043,3.985,1.389,-0.511
0.143,0.456,0.051,3.450,0.664,-0.847
0.139,0.459,0.053,2.863,-0.282,-1.260
0.137,0.464,0.056,2.275,-0.985,-1.573
0.130,0.467,0.059,1.702,-1.305,-1.634
0.127,0.469,0.062,1.137,-1.183,-1.489
0.130,0.471,0.063,0.786,-0.305,-1.191
0.131,0.470,0.068,0.588,1.092,-0.832

-0.172,-0.179,1.126,-63.481,36.313,-8.191
-0.188,0.007,1.454,-41.000,23.809,-11.458
-0.290,-0.021,1.561,-18.878,9.679,-10.053
-0.330,0.005,1.422,-0.908,-4.313,-5.656
-0.295,-0.003,1.158,10.275,-13.206,-1.466
-0.217,-0.001,0.906,15.458,-16.061,1.656
-0.122,0.034,0.718,16.824,-13.763,3.748
-0.054,0.111,0.633,15.664,-9.130,4.565
-0.010,0.187,0.610,13.092,-5.092,3.992
0.013,0.243,0.616,11.290,-4.023,2.664
0.021,0.266,0.618,11.656,-4.916,1.321
0.019,0.278,0.601,14.221,-7.176,0.260
0.020,0.289,0.553,17.908,-9.206,-0.244
0.013,0.297,0.485,21.321,-10.321,-0.122
0.010,0.307,0.418,24.000,-10.458,0.473
0.014,0.312,0.356,25.740,-10.130,1.366
0.017,0.320,0.297,26.481,-9.969,2.069
0.026,0.328,0.248,26.450,-10.198,2.511
0.044,0.342,0.211,25.786,-10.305,2.557
0.064,0.365,0.176,24.557,-9.557,2.176
0.074,0.366,0.142,22.840,-8.374,1.550
0.081,0.362,0.110,21.000,-7.115,0.931
0.088,0.370,0.084,19.168,-5.450,0.344
0.086,0.378,0.068,16.985,-3.641,-0.351
0.080,0.392,0.061,14.473,-2.344,-0.916
0.077,0.404,0.057,11.878,-1.763,-1.130
0.075,0.409,0.063,9.550,-1.206,-0.985
0.074,0.423,0.072,7.290,-1.176,-0.656
0.069,0.423,0.082,5.405,-1.580,-0.275
0.072,0.423,0.090,3.870,-2.305,0.198
0.081,0.426,0.094,2.802,-2.466,0.595
0.094,0.429,0.102,2.145,-2.031,0.855
0.107,0.432,0.111,1.840,-1.115,0.985
0.118,0.436,0.120,1.817,0.023,0.863
0.124,0.435,0.129,1.824,0.947,0.534
0.123,0.437,0.136,1.695,1.412,0.084
0.117,0.440,0.144,1.389,1.298,-0.496
0.110,0.443,0.150,0.947,0.725,-1.023
0.103,0.449,0.154,0.542,-0.076,-1.290
0.095,0.452,0.158,0.206,-0.733,-1.374
0.092,0.455,0.160,-0.069,-1.015,-1.290
0.091,0.457,0.162,-0.183,-0.756,-1.099
0.088,0.460,0.168,-0.122,-0.046,-0.954
0.084,0.463,0.177,0.053,0.496,-0.786
0.080,0.461,0.184,0.282,0.588,-0.557
0.079,0.461,0.187,0.458,0.237,-0.389
0.081,0.459,0.185,0.603,-0.244,-0.321
0.088,0.459,0.176,0.718,-0.672,-0.313
0.091,0.460,0.170,0.710,-0.725,-0.344
0.093,0.459,0.166,0.588,-0.565,-0.366

0.193,-0.343,0.923,-80.740,37.420,3.519
0.155,-0.290,1.538,-56.954,32.069,-8.725
0.041,-0.135,1.883,-27.550,17.969,-17.634
-0.167,-0.096,1.744,-2.695,-0.427,-19.252
-0.263,-0.064,1.300,11.336,-16.267,-14.847
-0.182,0.008,0.909,16.336,-20.191,-9.183
-0.115,0.061,0.654,15.031,-14.786,-4.656
-0.063,0.123,0.540,11.557,-6.198,-2.107
-0.057,0.174,0.547,9.000,0.962,-0.389
-0.059,0.232,0.594,8.313,2.542,0.450
-0.048,0.262,0.609,9.489,1.336,0.557
-0.038,0.275,0.587,12.282,-0.313,0.397
-0.036,0.283,0.541,15.481,-1.985,0.382
-0.041,0.283,0.480,18.374,-3.252,0.748
-0.035,0.285,0.415,20.557,-4.305,1.588
-0.018,0.287,0.360,21.863,-4.611,2.809
0.004,0.294,0.319,22.366,-3.901,4.130
0.018,0.295,0.291,22.191,-3.359,4.992
0.034,0.300,0.274,21.573,-3.336,5.412
0.057,0.304,0.259,20.466,-3.382,5.374
0.083,0.316,0.247,19.092,-3.206,4.878
0.096,0.323,0.243,17.687,-3.115,3.847
0.102,0.329,0.236,16.504,-3.427,2.542
0.106,0.337,0.228,15.710,-3.611,1.351
0.104,0.351,0.214,15.153,-3.397,0.466
0.101,0.363,0.199,14.611,-2.947,-0.046
0.093,0.373,0.187,13.786,-2.534,-0.336
0.089,0.383,0.179,12.756,-2.588,-0.466
0.093,0.392,0.167,11.695,-2.687,-0.496
0.094,0.403,0.157,10.580,-2.603,-0.603
0.094,0.409,0.150,9.237,-2.527,-0.763
0.096,0.417,0.142,7.824,-2.229,-0.924
0.099,0.426,0.138,6.489,-1.618,-1.122
0.098,0.433,0.141,5.290,-0.924,-1.351
0.098,0.440,0.147,4.412,-0.107,-1.542
0.089,0.443,0.155,3.794,0.679,-1.725
0.077,0.446,0.164,3.412,0.733,-1.817
0.066,0.446,0.170,3.084,0.122,-1.763
0.061,0.447,0.174,2.824,-0.878,-1.641
0.060,0.447,0.173,2.580,-1.832,-1.481
0.061,0.447,0.171,2.374,-2.473,-1.420
0.067,0.445,0.166,2.305,-2.550,-1.473
0.071,0.445,0.164,2.344,-1.855,-1.542
0.073,0.444,0.164,2.450,-0.771,-1.550
0.068,0.446,0.167,2.450,0.069,-1.542
0.063,0.452,0.171,2.244,0.298,-1.527
0.057,0.454,0.175,2.000,0.191,-1.458
0.053,0.458,0.179,1.847,0.000,-1.290
0.049,0.454,0.183,1.924,-0.260,-1.015
0.048,0.455,0.184,2.153,-0.458,-0.733

-0.118,-0.358,0.941,-74.351,34.191,-4.969
-0.079,-0.269,1.294,-57.435,30.420,-7.962
-0.147,-0.166,1.461,-36.412,27.817,-9.519
-0.299,-0.136,1.496,-17.412,17.611,-9.611
-0.330,-0.060,1.352,-2.046,0.794,-7.053
-0.302,-0.030,1.087,8.534,-9.374,-3.084
-0.256,-0.018,0.822,14.168,-15.511,0.076
-0.185,0.012,0.626,15.344,-17.107,2.015
-0.114,0.056,0.505,13.542,-14.160,3.198
-0.066,0.106,0.439,10.221,-8.466,4.008
-0.044,0.138,0.422,6.053,-3.679,4.641
-0.021,0.160,0.429,2.832,-1.198,4.878
0.005,0.179,0.451,0.870,0.634,4.794
0.013,0.183,0.479,0.412,1.427,4.504
0.024,0.184,0.508,1.137,1.794,4.168
0.024,0.182,0.525,2.389,1.519,4.046
0.020,0.170,0.533,4.267,0.603,3.885
0.025,0.169,0.532,5.832,-0.626,3.481
0.030,0.170,0.520,6.756,-1.664,2.832
0.026,0.160,0.495,7.626,-2.626,2.130
0.028,0.167,0.471,8.336,-3.305,1.435
0.033,0.177,0.454,8.412,-2.634,0.908
0.023,0.174,0.438,8.321,-1.832,0.466
0.015,0.179,0.428,8.160,-1.389,0.115
0.013,0.197,0.424,7.779,-0.939,-0.099
0.009,0.207,0.427,7.366,-0.573,-0.130
0.004,0.212,0.435,7.000,-0.504,-0.015
0.002,0.220,0.442,6.802,-0.702,0.053
0.002,0.224,0.446,7.107,-0.969,0.053
-0.004,0.221,0.440,7.985,-1.618,-0.008
-0.007,0.222,0.420,9.046,-2.573,-0.183
-0.004,0.239,0.398,9.427,-2.931,-0.336
-0.000,0.251,0.384,9.206,-2.420,-0.305
-0.002,0.258,0.379,8.634,-1.710,-0.061
0.001,0.263,0.375,8.023,-1.282,0.321
0.007,0.266,0.381,7.595,-0.924,0.725
0.010,0.266,0.385,7.565,-1.229,0.977
0.013,0.263,0.381,7.924,-2.336,0.977
0.025,0.270,0.373,8.527,-3.229,0.771
0.028,0.279,0.368,9.031,-3.420,0.511
0.028,0.284,0.365,9.107,-3.588,0.275
0.030,0.293,0.359,8.969,-3.557,0.183
0.032,0.299,0.355,8.748,-3.443,0.183
0.034,0.301,0.350,8.626,-3.443,0.229
0.037,0.302,0.339,8.580,-3.588,0.275
0.045,0.309,0.323,8.481,-3.328,0.237
0.049,0.320,0.315,8.275,-2.565,0.115
0.048,0.327,0.309,7.901,-1.824,-0.023
0.047,0.337,0.307,7.420,-1.206,-0.099
0.043,0.342,0.310,6.893,-1.053,-0.061

-0.127,-0.260,1.063,-61.626,40.038,-3.198
-0.139,-0.143,1.449,-39.779,28.076,-7.160
-0.203,-0.087,1.570,-18.458,15.847,-7.260
-0.273,-0.055,1.435,-1.282,1.748,-6.366
-0.276,-0.028,1.165,9.382,-7.763,-4.718
-0.256,0.001,0.922,14.824,-11.817,-2.115
-0.193,0.059,0.761,16.527,-11.336,0.809
-0.123,0.133,0.684,15.893,-7.344,3.313
-0.075,0.180,0.665,14.771,-3.901,4.893
-0.052,0.196,0.661,14.901,-3.855,5.290
-0.033,0.203,0.638,17.252,-6.519,4.344
-0.016,0.225,0.588,20.359,-9.473,2.878
-0.005,0.247,0.519,23.176,-11.351,1.603
-0.001,0.262,0.452,25.267,-11.939,0.832
-0.002,0.273,0.388,26.527,-11.870,0.519
0.006,0.286,0.341,27.000,-11.137,0.695
0.010,0.300,0.304,26.710,-10.153,1.069
0.013,0.312,0.275,25.802,-9.565,1.344
0.024,0.318,0.244,24.702,-9.397,1.496
0.035,0.322,0.218,23.626,-9.366,1.542
0.050,0.327,0.190,22.718,-9.000,1.313
0.061,0.341,0.170,21.802,-8.328,0.687
0.065,0.358,0.156,20.527,-7.626,-0.206
0.067,0.374,0.143,19.099,-6.901,-1.107
0.066,0.384,0.134,17.786,-6.008,-1.802
0.060,0.392,0.129,16.573,-5.153,-2.206
0.055,0.405,0.126,15.313,-4.473,-2.405
0.053,0.417,0.122,14.099,-3.947,-2.344
0.048,0.425,0.114,12.954,-3.450,-2.038
0.048,0.433,0.104,11.847,-3.107,-1.550
0.052,0.437,0.097,10.954,-2.504,-1.076
0.054,0.444,0.091,10.076,-1.893,-0.718
0.058,0.452,0.088,9.122,-1.611,-0.519
0.059,0.455,0.085,8.260,-1.511,-0.450
0.060,0.458,0.081,7.489,-1.672,-0.496
0.061,0.460,0.077,6.817,-1.817,-0.649
0.060,0.463,0.070,6.252,-1.740,-0.840
0.056,0.469,0.066,5.656,-1.366,-0.947
0.054,0.472,0.065,4.977,-0.924,-0.885
0.055,0.476,0.065,4.282,-0.206,-0.672
0.053,0.476,0.070,3.901,0.450,-0.427
0.052,0.474,0.077,3.679,0.557,-0.198
0.055,0.475,0.079,3.527,0.374,-0.023
0.057,0.478,0.079,3.206,-0.107,0.023
0.060,0.481,0.077,2.718,-0.702,0.069
0.064,0.482,0.072,2.214,-0.992,0.130
0.069,0.483,0.065,1.855,-0.855,0.153
0.073,0.483,0.064,1.565,-0.489,0.107
0.075,0.484,0.065,1.290,-0.115,0.000
0.077,0.484,0.069,1.168,0.313,-0.122

-0.386,-0.315,0.814,-95.588,55.672,-5.038
-0.539,-0.275,1.377,-72.641,44.947,-5.038
-0.494,-0.102,1.772,-43.870,27.580,-1.603
-0.451,-0.062,1.850,-16.198,12.969,3.931
-0.394,-0.088,1.641,5.282,-3.023,8.038
-0.281,-0.110,1.231,18.687,-15.542,9.527
-0.183,-0.114,0.891,25.328,-22.947,9.687
-0.081,-0.078,0.646,27.137,-24.069,9.412
0.004,-0.004,0.498,25.786,-19.771,9.008
0.063,0.087,0.422,22.947,-13.550,8.458
0.094,0.170,0.390,19.458,-8.473,7.542
0.109,0.231,0.379,16.366,-5.870,6.221
0.114,0.267,0.377,14.534,-5.511,4.550
0.109,0.282,0.371,14.298,-6.344,2.534
0.088,0.298,0.360,14.931,-8.130,0.405
0.072,0.324,0.334,15.939,-9.053,-1.351
0.056,0.346,0.309,16.656,-9.076,-2.496
0.044,0.355,0.288,16.969,-8.420,-2.809
0.035,0.363,0.273,17.153,-7.069,-2.435
0.025,0.375,0.266,17.038,-5.435,-1.901
0.013,0.379,0.265,16.489,-5.191,-1.435
0.009,0.374,0.257,15.939,-5.435,-1.031
0.011,0.374,0.249,15.557,-5.527,-0.756
0.012,0.378,0.247,15.160,-5.137,-0.695
0.013,0.385,0.244,14.740,-4.313,-0.695
0.015,0.390,0.238,14.511,-3.298,-0.504
0.010,0.396,0.233,14.542,-2.427,-0.115
0.008,0.400,0.232,14.603,-2.313,0.313
0.011,0.407,0.226,14.527,-2.397,0.840
0.019,0.413,0.216,14.374,-2.748,1.458
0.029,0.418,0.204,14.206,-3.122,1.954
0.047,0.425,0.189,14.046,-3.275,2.198
0.056,0.426,0.177,13.817,-3.374,2.023
0.064,0.427,0.161,13.565,-3.977,1.634
0.075,0.434,0.139,13.336,-4.168,1.031
0.080,0.443,0.118,13.168,-3.244,0.290
0.078,0.451,0.104,12.962,-2.008,-0.290
0.072,0.457,0.088,12.595,-1.046,-0.618
0.062,0.460,0.079,12.038,-0.603,-0.832
0.054,0.465,0.070,11.290,-1.198,-0.969
0.051,0.468,0.057,10.504,-2.229,-0.985
0.053,0.473,0.040,9.626,-2.611,-0.939
0.052,0.478,0.028,8.618,-3.031,-0.916
0.057,0.478,0.018,7.565,-3.260,-0.885
0.060,0.473,0.009,6.611,-2.954,-1.000
0.064,0.482,0.001,5.511,-2.267,-1.221
0.062,0.480,-0.005,4.344,-1.412,-1.374
0.058,0.479,-0.006,3.229,-0.656,-1.420
0.057,0.481,-0.003,2.389,0.198,-1.397
0.050,0.483,0.010,1.733,0.656,-1.366

-0.128,-0.232,1.078,-67.855,35.969,3.076
-0.088,-0.120,1.441,-47.214,28.160,-0.466
-0.128,-0.073,1.625,-24.244,16.511,-1.382
-0.155,-0.068,1.550,-3.992,1.878,-0.931
-0.137,-0.074,1.262,9.893,-9.733,-0.092
-0.086,-0.052,0.965,17.855,-17.153,0.893
-0.010,0.010,0.749,20.565,-18.489,1.740
0.051,0.084,0.614,21.069,-16.366,2.237
0.068,0.131,0.517,21.122,-14.206,2.099
0.070,0.180,0.433,21.328,-13.420,1.122
0.076,0.244,0.373,21.084,-12.229,0.000
0.075,0.297,0.331,20.115,-10.511,-0.611
0.066,0.330,0.302,18.824,-9.000,-0.565
0.061,0.354,0.286,17.374,-8.397,-0.099
0.068,0.358,0.278,16.076,-7.687,0.466
0.072,0.356,0.275,15.153,-6.626,0.771
0.072,0.351,0.269,14.718,-6.191,0.763
0.075,0.350,0.260,14.725,-5.695,0.664
0.085,0.356,0.253,15.137,-4.824,0.679
0.094,0.356,0.252,15.756,-3.344,0.809
0.092,0.362,0.255,16.267,-2.107,0.885
0.091,0.358,0.251,16.511,-1.939,0.855
0.095,0.360,0.243,16.809,-1.985,0.656
0.096,0.363,0.229,17.069,-2.290,0.366
0.098,0.366,0.215,17.168,-2.885,0.069
0.096,0.372,0.201,16.977,-3.550,-0.168
0.097,0.383,0.183,16.450,-4.366,-0.374
0.105,0.394,0.166,15.718,-4.687,-0.420
0.109,0.405,0.152,14.870,-4.328,-0.374
0.105,0.414,0.144,13.756,-4.183,-0.290
0.105,0.423,0.134,12.481,-3.939,-0.275
0.105,0.433,0.128,11.290,-3.321,-0.267
0.107,0.443,0.120,10.282,-2.649,-0.076
0.108,0.447,0.114,9.504,-1.985,0.290
0.109,0.450,0.110,8.870,-1.771,0.618
0.112,0.458,0.105,8.198,-2.046,0.756
0.116,0.458,0.096,7.565,-2.473,0.794
0.125,0.461,0.086,7.008,-2.695,0.740
0.127,0.463,0.077,6.496,-2.588,0.542
0.128,0.462,0.071,5.870,-2.397,0.260
0.132,0.467,0.062,5.206,-1.992,0.046
0.139,0.466,0.056,4.618,-1.000,-0.053
0.137,0.464,0.060,4.008,0.305,-0.130
0.132,0.465,0.066,3.198,0.786,-0.313
0.128,0.466,0.072,2.450,0.489,-0.496
0.128,0.467,0.073,1.878,0.092,-0.611
0.127,0.471,0.075,1.405,-0.176,-0.649
0.124,0.471,0.078,1.008,-0.405,-0.611
0.122,0.475,0.084,0.672,-0.542,-0.550
0.122,0.473,0.086,0.580,-0.344,-0.458

-0.145,-0.277,0.992,-68.718,45.840,-8.855
-0.169,-0.158,1.431,-50.931,27.573,-11.519
-0.204,-0.076,1.628,-29.595,13.878,-10.191
-0.250,-0.035,1.580,-9.305,1.267,-7.160
-0.233,-0.018,1.307,5.321,-7.802,-3.527
-0.189,0.006,0.997,13.779,-10.176,-0.252
-0.138,0.055,0.779,17.168,-9.084,2.412
-0.075,0.123,0.659,17.412,-6.756,4.328
-0.013,0.180,0.604,16.382,-4.443,5.412
0.044,0.219,0.589,15.618,-3.137,5.557
0.074,0.233,0.585,15.969,-3.618,4.817
0.091,0.223,0.559,18.107,-5.634,3.153
0.100,0.227,0.509,20.947,-7.008,1.237
0.096,0.240,0.451,23.466,-7.130,-0.412
0.085,0.259,0.398,25.214,-6.824,-1.366
0.074,0.280,0.357,26.000,-6.771,-1.649
0.072,0.298,0.321,25.947,-6.939,-1.427
0.073,0.305,0.290,25.489,-7.168,-1.053
0.078,0.310,0.264,24.863,-7.489,-0.786
0.086,0.315,0.237,24.023,-7.656,-0.870
0.094,0.328,0.211,22.802,-7.389,-1.389
0.096,0.343,0.190,21.443,-6.885,-2.038
0.097,0.355,0.169,20.145,-6.069,-2.557
0.094,0.362,0.158,19.237,-5.000,-2.893
0.084,0.371,0.153,18.580,-4.298,-3.031
0.077,0.380,0.142,18.023,-4.198,-3.084
0.076,0.388,0.130,17.511,-4.221,-3.076
0.072,0.399,0.115,16.824,-4.420,-3.061
0.071,0.410,0.102,15.710,-4.863,-3.069
0.070,0.425,0.085,14.252,-5.176,-3.160
0.069,0.438,0.074,12.580,-5.153,-3.260
0.069,0.447,0.067,11.237,-4.473,-3.122
0.065,0.456,0.062,10.145,-3.634,-2.901
0.063,0.457,0.059,9.412,-2.672,-2.641
0.063,0.464,0.060,9.000,-1.969,-2.389
0.051,0.451,0.059,8.695,-2.092,-2.344
0.053,0.466,0.048,8.168,-2.389,-2.321
0.053,0.472,0.040,7.344,-2.405,-2.237
0.050,0.481,0.033,6.229,-2.122,-2.053
0.049,0.489,0.027,5.046,-1.748,-1.748
0.049,0.489,0.026,4.000,-1.130,-1.305
0.049,0.491,0.025,3.252,-0.618,-0.901
0.052,0.490,0.028,2.573,-0.321,-0.504
0.058,0.490,0.029,1.863,-0.122,-0.160
0.063,0.487,0.029,1.122,0.130,0.053
0.066,0.485,0.032,0.359,0.229,0.122
0.068,0.483,0.041,-0.344,0.092,0.107
0.070,0.484,0.047,-0.924,0.076,0.076
0.073,0.480,0.053,-1.305,0.168,0.031
0.075,0.478,0.058,-1.527,0.145,-0.015

-0.151,-0.272,1.023,-67.985,34.916,0.931
-0.123,-0.175,1.425,-47.496,19.290,-3.221
-0.111,-0.135,1.617,-25.916,6.863,-4.992
-0.149,-0.160,1.573,-4.863,-5.718,-5.122
-0.124,-0.112,1.332,12.260,-15.511,-4.740
-0.121,-0.090,1.028,22.458,-21.603,-4.198
-0.088,-0.051,0.779,26.962,-23.702,-3.351
-0.026,0.032,0.630,27.611,-19.802,-1.924
0.023,0.146,0.544,25.664,-13.252,-0.107
0.039,0.206,0.498,22.855,-7.763,1.321
0.039,0.237,0.470,20.656,-4.962,1.847
0.038,0.265,0.451,19.863,-5.405,1.305
0.045,0.291,0.436,19.847,-6.382,0.351
0.050,0.300,0.407,20.527,-6.618,-0.328
0.046,0.304,0.385,21.939,-6.092,-0.641
0.045,0.315,0.362,23.206,-5.588,-0.573
0.048,0.317,0.335,24.183,-4.954,-0.252
0.053,0.320,0.310,24.824,-4.344,0.229
0.061,0.330,0.285,24.962,-4.252,0.656
0.066,0.327,0.265,24.489,-4.450,0.824
0.071,0.334,0.245,23.573,-4.260,0.748
0.078,0.343,0.225,22.405,-4.122,0.489
0.087,0.343,0.202,21.504,-3.832,0.198
0.095,0.345,0.182,20.931,-3.397,-0.160
0.099,0.350,0.162,20.420,-3.076,-0.664
0.100,0.358,0.140,19.748,-2.832,-1.344
0.101,0.374,0.117,18.794,-2.542,-2.015
0.101,0.392,0.100,17.496,-2.183,-2.481
0.099,0.407,0.081,15.947,-2.084,-2.649
0.094,0.414,0.066,14.206,-2.237,-2.580
0.091,0.424,0.052,12.649,-2.405,-2.458
0.096,0.429,0.036,11.252,-2.237,-2.321
0.097,0.437,0.021,10.038,-1.511,-2.153
0.097,0.448,0.009,8.794,-0.580,-2.122
0.093,0.457,0.007,7.321,0.260,-2.206
0.085,0.469,0.009,5.588,0.702,-2.389
0.077,0.472,0.015,3.908,0.901,-2.496
0.065,0.479,0.023,2.511,1.038,-2.489
0.052,0.482,0.037,1.244,0.924,-2.298
0.047,0.485,0.048,0.412,0.802,-1.901
0.042,0.488,0.059,-0.176,0.824,-1.435
0.042,0.488,0.069,-0.557,1.160,-0.947
0.042,0.486,0.080,-0.695,1.664,-0.466
0.044,0.486,0.092,-0.672,2.015,-0.031
0.051,0.487,0.101,-0.580,2.053,0.366
0.056,0.484,0.109,-0.450,1.687,0.611
0.060,0.482,0.117,-0.427,0.710,0.618
0.066,0.481,0.117,-0.580,-0.542,0.496
0.072,0.483,0.110,-0.725,-1.160,0.313
0.074,0.483,0.106,-0.733,-0.748,0.260

-0.062,-0.485,0.930,-80.901,53.076,5.099
-0.114,-0.390,1.549,-57.802,40.817,-3.878
-0.135,-0.308,1.873,-31.924,27.313,-8.130
-0.247,-0.215,1.909,-7.954,7.954,-9.687
-0.241,-0.220,1.610,9.786,-9.969,-9.282
-0.214,-0.180,1.229,21.153,-18.931,-8.206
-0.160,-0.073,0.891,25.893,-22.748,-7.000
-0.092,0.046,0.691,26.397,-18.634,-5.206
-0.060,0.144,0.582,25.183,-12.183,-3.214
-0.060,0.212,0.524,23.992,-8.191,-1.695
-0.071,0.253,0.482,23.565,-6.992,-0.977
-0.073,0.284,0.441,23.824,-7.115,-0.786
-0.074,0.307,0.402,24.160,-7.290,-0.565
-0.065,0.315,0.367,24.710,-6.481,-0.008
-0.057,0.321,0.341,25.420,-4.992,0.863
-0.050,0.324,0.314,26.023,-3.771,1.908
-0.037,0.319,0.288,26.542,-3.053,2.985
-0.024,0.321,0.267,26.885,-2.840,3.962
-0.005,0.324,0.245,26.802,-3.092,4.588
0.015,0.319,0.226,26.420,-3.053,5.053
0.034,0.320,0.208,25.641,-3.053,5.252
0.054,0.322,0.194,24.550,-2.962,5.092
0.070,0.327,0.184,23.153,-2.954,4.557
0.082,0.335,0.169,21.588,-3.435,3.740
0.100,0.340,0.147,20.252,-3.832,2.947
0.115,0.353,0.123,19.053,-3.626,2.176
0.123,0.371,0.106,17.382,-2.809,1.252
0.122,0.389,0.095,15.374,-2.053,0.466
0.115,0.405,0.087,13.435,-1.740,-0.061
0.105,0.416,0.081,11.969,-1.603,-0.282
0.096,0.425,0.084,10.901,-1.794,-0.206
0.089,0.435,0.089,9.992,-2.221,-0.023
0.096,0.445,0.084,9.458,-2.420,0.046
0.100,0.450,0.077,9.405,-1.145,-0.084
0.091,0.445,0.071,9.511,-0.122,-0.237
0.093,0.455,0.058,9.389,0.191,-0.580
0.091,0.464,0.045,8.863,0.260,-1.160
0.088,0.474,0.035,7.947,0.115,-1.809
0.081,0.483,0.030,6.885,0.183,-2.298
0.071,0.492,0.031,5.710,0.481,-2.504
0.056,0.497,0.040,4.573,0.641,-2.397
0.042,0.495,0.052,3.702,0.427,-2.008
0.033,0.498,0.060,3.145,-0.176,-1.466
0.037,0.495,0.061,2.893,-0.626,-0.763
0.042,0.493,0.055,2.802,-0.725,-0.115
0.049,0.490,0.046,2.580,-0.603,0.321
0.056,0.491,0.039,2.084,-0.420,0.443
0.058,0.492,0.041,1.359,-0.336,0.420
0.061,0.493,0.047,0.634,-0.344,0.435
0.064,0.488,0.056,0.252,-0.275,0.504

0.088,-0.678,0.738,-107.069,49.580,11.840
0.039,-0.597,1.481,-79.634,54.076,-0.977
-0.064,-0.320,2.000,-43.824,39.084,-10.069
-0.235,-0.190,2.000,-9.603,11.237,-12.328
-0.307,-0.220,1.674,13.740,-14.130,-10.466
-0.230,-0.146,1.107,24.618,-29.290,-7.534
-0.124,-0.075,0.687,25.321,-30.664,-4.603
-0.038,-0.015,0.439,19.802,-21.771,-2.084
0.018,0.078,0.373,11.840,-8.198,-0.366
0.034,0.148,0.425,5.191,0.924,0.046
0.044,0.200,0.526,1.443,5.015,-0.427
0.044,0.224,0.601,1.565,5.924,-1.687
0.017,0.233,0.643,4.870,3.847,-2.985
-0.005,0.238,0.639,10.298,0.588,-3.672
-0.026,0.254,0.600,15.985,-1.992,-3.267
-0.038,0.261,0.539,20.298,-3.740,-1.824
-0.038,0.267,0.471,23.137,-4.427,0.092
-0.032,0.272,0.415,24.786,-4.588,2.023
-0.018,0.266,0.372,25.595,-4.466,3.832
-0.007,0.267,0.343,25.893,-4.321,4.817
0.006,0.266,0.319,25.840,-4.565,5.191
0.031,0.274,0.303,25.565,-4.183,5.160
0.054,0.289,0.289,25.534,-2.664,4.954
0.060,0.291,0.280,25.603,-2.008,4.763
0.067,0.296,0.267,25.565,-2.366,4.473
0.073,0.306,0.250,25.115,-3.366,4.000
0.088,0.325,0.223,24.183,-4.527,3.344
0.113,0.338,0.197,23.145,-4.473,2.695
0.128,0.352,0.172,21.763,-2.824,2.076
0.133,0.365,0.152,20.122,-1.435,1.542
0.132,0.373,0.139,18.282,-1.008,0.832
0.134,0.390,0.124,16.305,-1.168,-0.160
0.135,0.403,0.108,14.351,-1.489,-1.145
0.134,0.416,0.096,12.695,-1.626,-1.924
0.131,0.428,0.084,11.450,-1.290,-2.397
0.122,0.441,0.079,10.573,-0.672,-2.626
0.111,0.446,0.079,9.954,0.069,-2.710
0.099,0.456,0.081,9.443,0.687,-2.779
0.083,0.461,0.087,9.069,0.733,-2.809
0.072,0.466,0.089,8.779,0.260,-2.710
0.063,0.469,0.084,8.534,0.008,-2.443
0.060,0.475,0.078,8.168,0.153,-2.160
0.052,0.478,0.072,7.504,0.511,-1.893
0.049,0.489,0.069,6.656,0.656,-1.611
0.047,0.490,0.072,5.947,1.061,-1.145
0.041,0.491,0.073,5.313,1.008,-0.534
0.047,0.491,0.069,4.626,0.595,0.038
0.057,0.492,0.065,4.107,0.885,0.504
0.069,0.489,0.064,3.740,1.405,0.847
0.076,0.486,0.066,3.527,1.702,0.947

-0.058,-0.348,1.054,-75.847,45.672,-2.931
-0.160,-0.234,1.572,-52.939,32.588,-10.489
-0.215,-0.091,1.837,-26.328,13.435,-12.924
-0.322,-0.053,1.710,-2.275,-3.496,-10.931
-0.330,-0.055,1.336,15.496,-16.611,-6.237
-0.284,-0.036,0.965,23.664,-21.458,-1.939
-0.194,0.017,0.694,26.359,-19.534,1.573
-0.107,0.101,0.545,25.458,-12.527,4.160
-0.057,0.182,0.484,22.275,-5.824,5.718
-0.029,0.233,0.462,18.832,-2.733,6.229
-0.010,0.269,0.460,16.802,-2.710,5.718
0.006,0.296,0.457,16.504,-4.412,4.550
0.015,0.312,0.444,17.450,-5.916,3.489
0.014,0.323,0.427,19.229,-6.267,2.916
0.014,0.329,0.398,21.763,-6.374,3.168
0.016,0.323,0.365,24.061,-6.435,4.046
0.026,0.326,0.339,25.901,-5.954,4.992
0.034,0.324,0.317,27.176,-5.511,5.702
0.048,0.317,0.295,27.969,-5.450,6.160
0.058,0.313,0.274,28.366,-5.939,6.321
0.073,0.317,0.250,28.290,-6.824,6.031
0.095,0.324,0.217,27.893,-7.534,5.435
0.132,0.340,0.172,27.260,-7.145,4.725
0.148,0.351,0.135,26.137,-5.748,3.458
0.154,0.364,0.102,24.565,-4.794,2.031
0.156,0.377,0.072,22.725,-4.168,0.649
0.154,0.392,0.047,20.840,-3.595,-0.511
0.147,0.405,0.026,19.084,-3.145,-1.313
0.144,0.419,0.016,17.634,-2.824,-1.840
0.136,0.414,0.008,16.374,-2.763,-2.206
0.139,0.437,-0.003,15.122,-2.511,-2.336
0.134,0.437,-0.011,13.779,-2.000,-2.427
0.127,0.446,-0.018,12.137,-1.863,-2.489
0.120,0.449,-0.024,10.573,-2.160,-2.641
0.114,0.459,-0.035,9.099,-2.756,-2.901
0.108,0.462,-0.045,7.855,-2.832,-3.153
0.099,0.472,-0.049,6.771,-2.344,-3.252
0.086,0.481,-0.049,5.702,-1.863,-3.244
0.076,0.486,-0.047,4.740,-1.557,-2.992
0.067,0.491,-0.045,3.924,-1.504,-2.611
0.061,0.491,-0.042,3.221,-1.573,-2.191
0.059,0.497,-0.040,2.481,-1.328,-1.779
0.057,0.502,-0.036,1.573,-0.740,-1.351
0.053,0.502,-0.027,0.779,-0.282,-0.947
0.051,0.501,-0.019,0.183,-0.191,-0.458
0.053,0.501,-0.013,-0.298,-0.389,0.000
0.061,0.499,-0.015,-0.634,-0.725,0.366
0.073,0.497,-0.016,-0.954,-0.679,0.626
0.088,0.495,-0.018,-1.298,-0.214,0.710
0.100,0.491,-0.012,-1.534,0.511,0.626

0.031,0.353,-1.040,-26.237,-3.237,-1.412
-0.000,0.222,-1.137,-50.069,2.023,4.282
-0.083,-0.016,-0.931,-78.252,4.771,8.847
-0.069,-0.170,-0.561,-100.328,3.130,11.328
0.111,-0.309,-0.159,-109.893,11.198,14.374
0.173,-0.516,0.283,-103.824,38.634,13.649
0.022,-0.585,0.852,-88.802,59.748,4.069
-0.148,-0.490,1.527,-67.176,52.748,-7.969
-0.210,-0.223,1.979,-41.458,32.183,-13.382
-0.350,-0.224,2.000,-15.351,8.275,-11.809
-0.324,-0.144,1.730,5.450,-10.374,-7.672
-0.266,-0.131,1.299,17.809,-19.534,-4.305
-0.163,-0.061,0.938,24.069,-19.733,-1.740
-0.081,0.060,0.730,25.031,-11.756,0.374
-0.054,0.165,0.639,23.389,-4.664,2.382
-0.039,0.237,0.599,21.695,-2.641,3.679
-0.021,0.279,0.570,21.611,-4.198,4.000
-0.004,0.301,0.529,22.985,-6.534,3.573
0.002,0.319,0.475,25.046,-8.137,2.916
-0.003,0.314,0.414,27.130,-8.504,2.679
-0.000,0.318,0.354,28.870,-7.725,3.015
0.018,0.313,0.304,30.275,-5.473,3.878
0.029,0.325,0.271,30.809,-3.527,4.931
0.040,0.319,0.245,30.718,-2.656,5.878
0.055,0.313,0.221,30.351,-2.969,6.344
0.072,0.311,0.195,29.802,-4.145,6.168
0.089,0.313,0.165,28.992,-5.481,5.366
0.104,0.323,0.135,27.763,-6.374,4.237
0.113,0.339,0.114,26.229,-7.198,2.947
0.125,0.354,0.088,24.656,-7.130,1.634
0.129,0.364,0.061,23.359,-6.038,0.519
0.129,0.379,0.037,22.023,-4.573,-0.282
0.126,0.386,0.010,20.695,-3.290,-0.725
0.121,0.397,-0.013,19.130,-2.756,-0.985
0.119,0.411,-0.036,17.260,-2.756,-1.206
0.118,0.424,-0.054,15.031,-2.916,-1.496
0.123,0.444,-0.069,12.542,-2.779,-1.771
0.125,0.451,-0.079,10.053,-1.969,-1.977
0.120,0.454,-0.082,7.809,-1.046,-2.099
0.107,0.456,-0.074,5.954,-0.641,-2.267
0.101,0.463,-0.063,4.443,-0.435,-2.435
0.094,0.470,-0.057,3.473,0.115,-2.481
0.085,0.476,-0.045,2.756,0.756,-2.389
0.075,0.481,-0.034,2.153,0.756,-2.160
0.066,0.484,-0.030,1.611,0.198,-1.855
0.065,0.491,-0.029,0.992,-0.473,-1.504
0.067,0.496,-0.028,0.298,-0.695,-1.145
0.066,0.500,-0.018,-0.397,-0.282,-0.817
0.067,0.504,-0.000,-0.969,0.473,-0.595
0.066,0.500,0.021,-1.221,1.099,-0.351

-0.128,-0.375,1.008,-71.282,58.885,-1.656
-0.109,-0.217,1.481,-52.481,36.092,-9.351
-0.084,-0.087,1.706,-28.786,15.947,-11.733
-0.152,-0.057,1.616,-3.160,1.069,-11.267
-0.208,-0.060,1.323,13.038,-9.733,-9.733
-0.209,-0.013,0.995,21.748,-15.130,-7.511
-0.184,0.047,0.745,24.618,-15.840,-4.443
-0.138,0.143,0.584,23.656,-12.756,-1.008
-0.094,0.236,0.490,20.244,-8.779,1.985
-0.054,0.292,0.432,16.237,-6.000,3.855
-0.007,0.322,0.411,13.450,-2.710,4.580
0.021,0.348,0.426,12.275,0.397,4.397
0.024,0.345,0.450,12.481,1.855,3.634
0.015,0.327,0.460,14.321,1.771,2.878
0.003,0.320,0.457,16.870,0.450,2.420
0.003,0.326,0.442,19.092,-1.115,2.534
0.010,0.319,0.420,21.168,-1.962,3.198
0.018,0.314,0.392,23.183,-2.183,3.947
0.029,0.301,0.364,24.863,-2.710,4.511
0.045,0.298,0.334,25.878,-3.542,4.748
0.062,0.300,0.300,26.244,-4.443,4.405
0.073,0.308,0.270,26.183,-5.336,3.656
0.079,0.318,0.237,25.931,-5.878,2.450
0.081,0.328,0.209,25.550,-5.809,1.275
0.078,0.346,0.183,25.008,-5.786,0.191
0.069,0.353,0.162,24.084,-6.481,-0.725
0.075,0.369,0.129,22.969,-7.008,-1.542
0.081,0.391,0.098,21.878,-6.626,-2.145
0.083,0.406,0.070,20.863,-5.863,-2.443
0.082,0.418,0.046,19.969,-5.015,-2.489
0.078,0.427,0.020,18.916,-4.832,-2.267
0.083,0.438,-0.006,17.634,-4.427,-2.023
0.079,0.443,-0.023,16.290,-3.969,-1.962
0.076,0.458,-0.035,14.550,-4.214,-2.107
0.073,0.470,-0.053,12.489,-4.328,-2.260
0.065,0.479,-0.068,10.237,-4.176,-2.382
0.059,0.483,-0.082,8.076,-3.573,-2.443
0.057,0.487,-0.093,6.191,-2.389,-2.473
0.056,0.491,-0.097,4.611,-0.786,-2.389
0.051,0.490,-0.088,3.145,0.824,-2.313
0.047,0.495,-0.073,1.695,1.916,-2.221
0.045,0.496,-0.052,0.229,2.618,-1.992
0.038,0.497,-0.025,-0.954,2.786,-1.802
0.026,0.497,-0.002,-1.924,2.198,-1.611
0.020,0.494,0.016,-2.466,1.015,-1.298
0.021,0.489,0.025,-2.435,0.244,-0.885
0.028,0.488,0.030,-1.947,0.435,-0.496
0.032,0.490,0.037,-1.344,1.160,-0.206
0.034,0.493,0.045,-0.908,1.427,-0.046
0.033,0.495,0.051,-0.672,0.939,0.023

-0.149,-0.102,1.172,-54.634,29.817,-11.168
-0.182,-0.060,1.448,-31.580,15.168,-12.756
-0.275,-0.062,1.468,-11.290,1.748,-11.321
-0.327,-0.051,1.285,2.282,-13.168,-8.939
-0.286,-0.036,1.010,9.695,-23.725,-6.405
-0.198,0.014,0.783,13.061,-24.557,-3.779
-0.133,0.065,0.631,13.794,-17.229,-1.107
-0.097,0.133,0.555,12.466,-8.168,1.305
-0.068,0.187,0.527,9.939,-2.267,3.130
-0.028,0.227,0.522,7.611,0.832,3.916
0.000,0.260,0.534,6.901,2.122,3.450
-0.003,0.266,0.539,7.695,1.214,2.168
-0.007,0.274,0.531,9.756,-1.076,0.771
-0.013,0.290,0.510,12.153,-3.069,-0.023
-0.029,0.294,0.482,14.023,-4.626,0.000
-0.033,0.301,0.449,15.542,-5.137,0.611
-0.028,0.303,0.424,16.893,-4.557,1.534
-0.025,0.303,0.405,17.992,-2.954,2.588
-0.020,0.305,0.397,18.878,-1.313,3.656
-0.015,0.302,0.397,19.786,-0.351,4.450
-0.008,0.292,0.400,20.947,0.130,5.084
-0.012,0.279,0.402,22.176,-0.710,5.244
-0.007,0.279,0.393,23.351,-2.687,4.977
0.002,0.281,0.371,24.466,-5.382,4.489
0.022,0.285,0.331,25.679,-7.481,3.931
0.039,0.292,0.288,26.740,-8.412,3.351
0.051,0.312,0.245,27.206,-8.649,2.725
0.057,0.331,0.206,27.122,-8.031,2.000
0.055,0.350,0.178,26.557,-6.809,1.374
0.054,0.375,0.153,25.595,-5.656,1.046
0.056,0.393,0.130,24.397,-5.000,1.122
0.057,0.405,0.107,23.145,-4.924,1.397
0.057,0.411,0.081,21.885,-5.527,1.656
0.063,0.421,0.051,20.580,-6.489,1.786
0.074,0.430,0.019,19.374,-6.740,1.626
0.085,0.443,-0.013,18.137,-5.672,1.427
0.089,0.454,-0.037,16.527,-4.061,1.237
0.093,0.463,-0.054,14.214,-2.061,1.069
0.096,0.475,-0.065,11.695,-0.496,0.809
0.096,0.478,-0.066,9.000,0.290,0.534
0.091,0.480,-0.063,6.321,0.282,0.252
0.089,0.481,-0.054,4.008,-0.206,0.015
0.088,0.474,-0.046,2.344,-0.511,-0.115
0.091,0.477,-0.039,1.221,-0.313,-0.153
0.096,0.478,-0.027,0.496,0.382,-0.160
0.095,0.480,-0.011,-0.053,0.924,-0.183
0.094,0.485,0.005,-0.595,1.031,-0.305
0.090,0.488,0.020,-0.985,0.893,-0.458
0.083,0.486,0.028,-1.198,0.550,-0.573
0.082,0.484,0.033,-1.069,0.229,-0.557

-0.077,-0.257,1.121,-63.679,40.710,-2.725
-0.060,-0.128,1.522,-41.931,23.687,-8.985
-0.109,-0.109,1.653,-19.382,8.382,-10.405
-0.156,-0.082,1.499,-0.863,-5.183,-9.847
-0.167,-0.070,1.190,10.191,-14.901,-8.580
-0.134,-0.025,0.909,15.282,-17.924,-7.061
-0.086,0.075,0.707,16.687,-13.924,-4.893
-0.077,0.162,0.596,15.756,-7.527,-2.160
-0.063,0.230,0.534,13.649,-4.481,0.267
-0.035,0.277,0.491,11.588,-3.802,1.893
0.000,0.310,0.472,10.542,-3.275,2.405
0.026,0.320,0.465,10.817,-2.115,2.252
0.031,0.322,0.466,12.198,-1.153,1.817
0.020,0.311,0.460,14.099,-1.557,1.435
0.013,0.307,0.437,15.985,-2.656,1.382
0.020,0.314,0.406,17.580,-2.855,1.763
0.033,0.312,0.385,18.954,-1.763,2.405
0.047,0.306,0.372,20.397,0.122,3.145
0.059,0.300,0.372,21.603,1.931,3.557
0.056,0.290,0.370,22.550,2.061,3.473
0.054,0.281,0.355,23.260,0.420,2.977
0.053,0.287,0.331,23.565,-1.687,2.038
0.051,0.304,0.305,23.260,-3.557,0.908
0.052,0.323,0.276,22.580,-4.878,0.084
0.055,0.338,0.246,21.901,-5.160,-0.145
0.055,0.353,0.221,21.206,-4.519,0.046
0.055,0.369,0.204,20.374,-3.550,0.397
0.060,0.378,0.189,19.733,-2.725,0.802
0.067,0.386,0.173,19.206,-2.305,1.221
0.079,0.398,0.155,18.618,-2.206,1.450
0.086,0.409,0.144,17.931,-2.237,1.359
0.092,0.417,0.130,17.183,-2.710,1.053
0.098,0.427,0.116,16.473,-3.374,0.718
0.103,0.432,0.102,15.809,-4.031,0.351
0.107,0.443,0.084,15.023,-4.443,-0.122
0.108,0.454,0.063,14.122,-4.817,-0.656
0.103,0.459,0.044,13.176,-4.992,-1.168
0.098,0.467,0.027,12.351,-4.908,-1.435
0.097,0.477,0.013,11.534,-4.351,-1.565
0.095,0.482,0.003,10.672,-3.298,-1.496
0.093,0.486,-0.002,9.809,-1.893,-1.466
0.080,0.486,0.001,8.939,-1.031,-1.534
0.070,0.483,0.001,8.023,-1.214,-1.649
0.068,0.484,-0.004,7.237,-1.550,-1.702
0.066,0.483,-0.010,6.626,-1.626,-1.687
0.064,0.482,-0.015,6.008,-1.656,-1.626
0.065,0.483,-0.021,5.374,-1.344,-1.527
0.065,0.485,-0.025,4.702,-0.618,-1.412
0.065,0.486,-0.025,4.023,0.046,-1.275
0.064,0.486,-0.025,3.466,0.275,-1.107

-0.018,-0.059,1.348,-30.695,18.130,-8.824
-0.081,-0.018,1.361,-14.336,5.473,-8.985
-0.110,0.008,1.202,-1.344,-4.237,-7.405
-0.107,0.033,1.002,5.733,-8.275,-5.611
-0.083,0.082,0.831,9.542,-7.580,-3.679
-0.058,0.152,0.718,11.397,-4.328,-1.672
-0.034,0.218,0.655,12.046,-1.809,0.183
-0.011,0.258,0.609,12.542,-1.305,1.427
0.006,0.278,0.564,13.794,-2.099,1.702
0.014,0.291,0.512,15.641,-3.656,1.183
0.024,0.314,0.454,17.351,-4.489,0.412
0.023,0.329,0.403,18.550,-4.344,-0.099
0.027,0.344,0.370,19.183,-3.198,-0.061
0.028,0.353,0.354,19.534,-1.321,0.435
0.030,0.349,0.347,19.870,-0.206,1.344
0.038,0.342,0.344,20.344,0.084,2.336
0.046,0.330,0.338,20.939,-0.397,2.992
0.058,0.324,0.323,21.351,-1.603,3.267
0.075,0.325,0.301,21.427,-2.885,3.168
0.089,0.326,0.274,21.214,-3.534,2.649
0.095,0.339,0.254,20.595,-3.786,1.725
0.090,0.351,0.242,19.634,-3.985,0.450
0.084,0.359,0.228,18.763,-4.122,-0.519
0.077,0.367,0.212,18.145,-3.992,-1.046
0.071,0.380,0.193,17.733,-3.603,-1.206
0.066,0.393,0.177,17.344,-3.336,-1.099
0.067,0.404,0.161,16.763,-3.198,-0.809
0.070,0.415,0.143,15.947,-3.153,-0.504
0.074,0.425,0.123,14.969,-3.260,-0.305
0.080,0.432,0.106,14.061,-3.519,-0.290
0.087,0.437,0.091,13.206,-3.382,-0.359
0.089,0.449,0.081,12.374,-2.901,-0.573
0.086,0.454,0.072,11.489,-2.649,-0.794
0.083,0.455,0.064,10.656,-2.725,-0.977
0.082,0.459,0.055,9.977,-2.344,-1.130
0.078,0.463,0.045,9.336,-1.802,-1.214
0.078,0.465,0.040,8.634,-1.275,-1.198
0.080,0.473,0.038,7.863,-0.542,-1.130
0.080,0.476,0.037,7.122,0.145,-1.053
0.077,0.472,0.039,6.450,0.275,-0.901
0.074,0.473,0.041,5.840,-0.305,-0.847
0.069,0.475,0.042,5.244,-1.237,-0.908
0.065,0.476,0.040,4.733,-2.099,-0.916
0.065,0.475,0.031,4.366,-2.412,-0.809
0.071,0.476,0.020,4.145,-2.038,-0.634
0.074,0.482,0.015,3.725,-1.443,-0.557
0.080,0.488,0.011,3.092,-0.992,-0.641
0.084,0.488,0.007,2.519,-0.351,-0.794
0.083,0.489,0.007,1.901,0.053,-0.947
0.079,0.492,0.012,1.214,-0.038,-1.107

-0.139,-0.279,1.012,-69.466,46.847,-5.015
-0.112,-0.097,1.414,-48.389,20.954,-9.870
-0.096,-0.010,1.514,-25.313,7.069,-9.977
-0.165,-0.008,1.396,-4.939,-1.664,-8.565
-0.210,-0.008,1.109,7.168,-9.916,-6.473
-0.169,0.013,0.861,12.847,-13.015,-3.305
-0.112,0.067,0.695,13.672,-9.916,-0.076
-0.064,0.123,0.604,11.664,-5.443,2.282
-0.018,0.177,0.563,8.618,-1.992,3.435
0.021,0.220,0.561,6.519,0.527,3.565
0.042,0.253,0.580,6.145,1.595,3.092
0.047,0.271,0.600,7.832,1.221,2.313
0.042,0.276,0.609,11.198,-0.183,1.473
0.036,0.276,0.589,15.450,-1.443,0.924
0.034,0.280,0.553,19.847,-1.763,0.824
0.032,0.278,0.508,23.885,-1.656,1.427
0.033,0.283,0.461,26.527,-1.298,2.145
0.024,0.289,0.423,28.084,-1.611,2.557
0.014,0.287,0.390,28.763,-3.137,2.771
0.014,0.289,0.351,28.832,-5.542,2.855
0.025,0.296,0.309,28.504,-7.397,2.710
0.041,0.310,0.263,27.954,-8.031,2.397
0.057,0.327,0.222,27.206,-7.542,2.084
0.069,0.344,0.187,26.206,-6.267,1.817
0.076,0.361,0.160,24.641,-4.687,1.565
0.079,0.380,0.139,22.931,-3.351,1.305
0.081,0.392,0.128,20.977,-2.641,1.069
0.083,0.402,0.118,19.122,-2.710,0.817
0.086,0.412,0.108,17.641,-2.901,0.534
0.087,0.414,0.099,16.672,-2.786,0.412
0.089,0.424,0.088,16.076,-2.115,0.481
0.089,0.427,0.077,15.618,-1.496,0.656
0.092,0.434,0.065,15.183,-1.420,0.847
0.095,0.437,0.052,14.740,-1.496,0.809
0.092,0.442,0.045,14.244,-1.878,0.481
0.095,0.448,0.035,13.672,-2.595,0.015
0.095,0.454,0.024,13.237,-2.901,-0.420
0.092,0.456,0.012,12.840,-2.893,-0.794
0.087,0.459,0.003,12.328,-2.939,-1.099
0.086,0.464,-0.006,11.580,-2.901,-1.290
0.091,0.476,-0.017,10.595,-2.351,-1.305
0.089,0.485,-0.027,9.405,-1.473,-1.168
0.083,0.489,-0.031,8.023,-0.901,-0.969
0.082,0.489,-0.031,6.924,-0.649,-0.771
0.081,0.488,-0.032,6.115,-0.550,-0.527
0.080,0.483,-0.034,5.534,-0.733,-0.328
0.084,0.483,-0.040,5.023,-1.031,-0.305
0.090,0.486,-0.047,4.496,-1.038,-0.420
0.090,0.488,-0.048,3.962,-0.824,-0.588
0.085,0.488,-0.048,3.344,-0.817,-0.748

-0.064,0.349,-0.999,-32.817,-11.298,1.924
-0.100,0.260,-1.125,-57.496,-3.588,6.450
-0.123,0.010,-0.960,-82.855,5.405,13.069
-0.051,-0.264,-0.590,-102.939,10.634,18.626
0.168,-0.416,-0.139,-110.427,22.359,20.611
0.283,-0.455,0.308,-106.863,46.756,16.557
0.050,-0.579,0.869,-91.443,60.618,3.863
-0.078,-0.452,1.544,-65.389,46.008,-9.580
-0.067,-0.104,1.906,-35.092,28.153,-15.802
-0.254,-0.064,1.820,-5.771,7.893,-15.679
-0.328,-0.043,1.438,10.763,-8.977,-12.084
-0.313,-0.029,1.057,18.389,-16.634,-7.137
-0.233,0.034,0.789,19.908,-16.405,-2.053
-0.147,0.111,0.627,17.969,-9.947,1.878
-0.086,0.184,0.557,14.763,-2.870,4.145
-0.044,0.249,0.552,11.847,1.313,4.794
-0.019,0.287,0.578,10.763,2.473,4.260
-0.017,0.302,0.607,12.321,1.137,3.092
-0.023,0.305,0.598,16.435,-1.679,1.885
-0.029,0.310,0.558,20.893,-3.435,1.412
-0.027,0.322,0.497,24.702,-4.023,1.969
-0.017,0.321,0.427,27.695,-3.160,3.435
-0.001,0.322,0.367,29.702,-1.427,5.191
0.018,0.318,0.316,30.626,-0.046,6.710
0.034,0.319,0.284,30.595,0.076,7.542
0.049,0.320,0.255,29.817,-0.924,7.656
0.067,0.320,0.227,28.733,-2.275,7.084
0.085,0.331,0.203,27.786,-3.176,5.977
0.097,0.340,0.180,26.985,-3.748,4.664
0.104,0.345,0.158,26.405,-3.695,3.695
0.104,0.354,0.136,25.832,-3.664,2.931
0.101,0.356,0.112,25.115,-4.015,2.198
0.103,0.367,0.082,24.336,-4.176,1.427
0.103,0.383,0.064,23.389,-4.107,0.710
0.104,0.403,0.042,22.153,-3.771,0.198
0.097,0.414,0.026,20.626,-3.931,-0.076
0.096,0.428,0.008,18.733,-4.962,-0.214
0.102,0.440,-0.015,16.595,-6.076,-0.420
0.110,0.448,-0.036,14.817,-6.191,-0.679
0.116,0.457,-0.055,13.221,-5.588,-0.870
0.113,0.458,-0.071,11.878,-4.634,-1.107
0.108,0.459,-0.083,10.748,-3.534,-1.504
0.099,0.464,-0.094,9.557,-2.885,-1.985
0.092,0.471,-0.102,8.107,-2.824,-2.344
0.089,0.477,-0.110,6.588,-2.534,-2.626
0.083,0.486,-0.112,5.107,-1.634,-2.863
0.071,0.490,-0.109,3.641,-0.328,-3.008
0.056,0.496,-0.096,2.420,0.580,-2.916
0.042,0.500,-0.083,1.344,0.992,-2.504
0.032,0.501,-0.073,0.489,0.992,-1.763

0.048,-0.288,1.078,-66.221,35.786,-2.405
-0.006,-0.150,1.482,-43.153,25.504,-9.718
-0.083,-0.044,1.609,-20.420,12.046,-11.817
-0.165,-0.024,1.461,-1.557,-0.695,-10.267
-0.200,-0.017,1.176,9.557,-9.290,-7.267
-0.169,0.015,0.910,14.656,-13.061,-3.977
-0.102,0.089,0.723,16.237,-10.550,-0.992
-0.042,0.178,0.619,15.565,-4.947,1.489
-0.004,0.236,0.583,13.954,-0.649,3.366
0.023,0.268,0.572,13.389,0.412,4.092
0.036,0.271,0.556,14.611,-0.817,3.779
0.035,0.266,0.521,17.198,-3.595,2.611
0.037,0.274,0.457,20.321,-5.718,0.924
0.039,0.291,0.386,22.618,-6.038,-0.420
0.039,0.318,0.329,23.321,-4.985,-0.931
0.040,0.345,0.297,22.756,-3.366,-0.710
0.042,0.359,0.281,21.649,-1.802,-0.031
0.042,0.356,0.276,20.504,-0.634,0.947
0.041,0.349,0.277,19.603,-0.458,1.702
0.048,0.350,0.279,18.908,-0.924,2.122
0.059,0.346,0.275,18.733,-1.450,2.214
0.071,0.343,0.266,19.221,-1.832,2.137
0.078,0.339,0.253,19.954,-2.053,1.893
0.082,0.345,0.238,20.397,-2.519,1.374
0.079,0.354,0.218,20.366,-3.183,0.656
0.076,0.361,0.196,19.863,-4.221,-0.092
0.078,0.372,0.172,19.061,-5.015,-0.679
0.081,0.390,0.150,17.870,-5.176,-1.183
0.083,0.408,0.131,16.534,-4.725,-1.427
0.084,0.422,0.117,15.168,-3.954,-1.466
0.082,0.436,0.110,13.939,-3.038,-1.389
0.082,0.444,0.104,12.985,-2.244,-1.183
0.080,0.443,0.097,12.359,-1.863,-0.901
0.081,0.446,0.088,11.908,-1.802,-0.771
0.077,0.452,0.082,11.427,-1.893,-0.916
0.076,0.457,0.075,10.832,-2.427,-1.145
0.077,0.460,0.065,10.298,-2.977,-1.359
0.079,0.466,0.051,9.954,-2.931,-1.557
0.080,0.470,0.039,9.611,-2.664,-1.748
0.078,0.478,0.029,9.115,-2.282,-1.878
0.074,0.482,0.021,8.466,-1.939,-1.924
0.068,0.487,0.017,7.611,-1.550,-1.847
0.068,0.490,0.016,6.679,-1.061,-1.710
0.063,0.490,0.019,5.794,-0.641,-1.450
0.058,0.490,0.020,5.023,-0.718,-1.160
0.059,0.490,0.019,4.443,-1.046,-0.947
0.057,0.485,0.018,4.092,-1.351,-0.840
0.058,0.485,0.014,3.824,-1.420,-0.817
0.061,0.488,0.009,3.580,-1.076,-0.809
0.064,0.488,0.005,3.412,-0.382,-0.725

-0.097,0.415,-0.893,-44.595,-6.069,4.740
-0.116,0.215,-0.882,-68.870,2.366,12.031
-0.024,-0.138,-0.676,-86.870,11.656,19.924
0.194,-0.249,-0.357,-98.244,28.542,26.015
0.254,-0.283,-0.005,-103.130,51.939,23.786
0.028,-0.513,0.425,-98.718,67.282,13.382
-0.240,-0.569,1.060,-82.580,60.939,-1.206
-0.199,-0.283,1.727,-58.794,38.008,-11.947
-0.176,-0.190,1.991,-29.634,12.466,-15.725
-0.202,-0.167,1.777,-0.992,-5.313,-14.443
-0.241,-0.190,1.355,19.290,-12.565,-12.008
-0.264,-0.145,0.991,28.985,-17.511,-10.145
-0.208,-0.036,0.720,30.573,-17.969,-7.542
-0.160,0.080,0.562,26.740,-12.550,-3.618
-0.115,0.175,0.482,20.847,-6.321,0.160
-0.066,0.246,0.457,15.000,-1.351,3.099
-0.020,0.289,0.469,11.130,2.580,4.565
-0.005,0.313,0.499,9.687,4.740,4.603
-0.010,0.286,0.516,10.588,3.489,3.977
-0.012,0.266,0.525,13.557,0.817,3.191
-0.011,0.282,0.525,17.321,-2.221,2.458
0.003,0.289,0.498,21.084,-4.260,2.130
0.009,0.288,0.456,24.832,-4.840,2.328
0.015,0.285,0.407,28.160,-4.840,2.840
0.017,0.285,0.359,29.924,-5.008,3.206
0.020,0.289,0.314,30.366,-5.466,3.275
0.033,0.299,0.275,29.969,-5.756,3.153
0.045,0.310,0.242,29.038,-5.725,2.901
0.052,0.321,0.214,27.733,-5.939,2.481
0.059,0.334,0.185,26.053,-6.267,1.901
0.065,0.353,0.159,24.160,-6.412,1.031
0.069,0.364,0.128,22.397,-6.435,0.122
0.074,0.375,0.103,20.824,-6.015,-0.641
0.076,0.391,0.084,19.611,-4.847,-1.092
0.077,0.407,0.070,18.466,-2.969,-1.229
0.073,0.419,0.061,17.298,-1.527,-1.031
0.071,0.426,0.052,16.069,-1.275,-0.557
0.070,0.432,0.043,14.748,-1.977,-0.153
0.069,0.441,0.035,13.237,-3.031,-0.130
0.074,0.448,0.023,11.748,-4.000,-0.328
0.081,0.454,0.011,10.588,-3.977,-0.565
0.082,0.461,0.003,9.649,-2.916,-0.916
0.075,0.467,0.001,8.870,-1.748,-1.229
0.068,0.471,0.003,8.145,-0.878,-1.420
0.062,0.477,0.002,7.481,-0.244,-1.458
0.055,0.483,0.004,6.847,-0.038,-1.321
0.050,0.484,0.006,6.130,-0.557,-0.985
0.048,0.484,0.005,5.344,-1.313,-0.649
0.053,0.486,0.002,4.634,-1.611,-0.359
0.061,0.489,0.002,3.939,-1.282,-0.115

-0.203,-0.352,0.918,-78.458,46.855,-5.580
-0.207,-0.212,1.347,-61.412,27.702,-9.504
-0.193,-0.104,1.579,-39.328,15.573,-9.420
-0.255,-0.067,1.622,-16.992,4.496,-8.115
-0.287,-0.073,1.441,-0.015,-6.595,-5.947
-0.266,-0.062,1.131,10.557,-13.168,-3.229
-0.217,-0.024,0.860,15.626,-14.260,-0.298
-0.148,0.059,0.679,16.855,-11.244,2.366
-0.088,0.141,0.598,15.595,-6.000,4.466
-0.038,0.196,0.565,13.916,-2.351,5.565
-0.001,0.227,0.565,13.519,-0.206,5.824
0.011,0.244,0.572,14.748,-0.443,5.191
0.014,0.244,0.560,17.107,-2.565,3.962
0.021,0.250,0.524,20.015,-4.321,2.779
0.024,0.256,0.476,22.832,-4.817,1.908
0.019,0.267,0.426,24.969,-4.374,1.458
0.014,0.281,0.383,26.458,-3.832,1.504
0.006,0.286,0.349,27.130,-3.985,1.794
0.007,0.293,0.316,26.931,-4.802,2.206
0.013,0.302,0.287,26.221,-5.290,2.405
0.018,0.309,0.264,25.198,-5.763,2.344
0.025,0.321,0.241,24.008,-5.901,2.130
0.034,0.336,0.218,22.885,-5.565,1.847
0.044,0.347,0.199,21.863,-4.695,1.664
0.048,0.362,0.187,20.809,-3.542,1.481
0.050,0.370,0.176,19.702,-2.885,1.374
0.051,0.377,0.163,18.740,-2.809,1.328
0.050,0.382,0.150,17.771,-3.290,1.198
0.053,0.394,0.136,16.893,-3.679,1.000
0.061,0.408,0.124,16.000,-3.473,0.870
0.063,0.426,0.121,15.046,-2.511,0.733
0.060,0.435,0.121,14.053,-1.756,0.710
0.057,0.439,0.118,13.198,-1.710,0.947
0.059,0.445,0.110,12.641,-2.153,1.237
0.067,0.446,0.098,12.412,-2.412,1.397
0.072,0.448,0.089,12.366,-2.511,1.305
0.077,0.450,0.075,12.336,-2.908,1.069
0.082,0.453,0.060,12.237,-3.122,0.718
0.081,0.460,0.048,11.931,-3.099,0.344
0.078,0.465,0.040,11.435,-3.107,0.008
0.081,0.471,0.028,10.954,-2.733,-0.198
0.082,0.473,0.021,10.550,-2.145,-0.237
0.079,0.480,0.016,9.939,-1.863,-0.267
0.074,0.483,0.009,9.099,-2.168,-0.260
0.075,0.485,0.001,8.260,-2.641,-0.160
0.083,0.488,-0.012,7.534,-2.763,0.008
0.087,0.490,-0.018,6.756,-2.427,0.115
0.091,0.491,-0.019,5.939,-2.160,-0.015
0.094,0.486,-0.026,5.252,-1.809,-0.252
0.091,0.482,-0.031,4.771,-1.366,-0.588

-0.148,-0.326,0.982,-73.870,46.748,-5.053
-0.214,-0.198,1.444,-51.366,31.076,-10.435
-0.242,-0.082,1.679,-27.107,15.595,-11.252
-0.324,-0.066,1.616,-5.191,1.420,-9.267
-0.351,-0.067,1.338,9.359,-11.313,-6.313
-0.288,-0.041,0.999,17.076,-18.542,-3.160
-0.200,0.021,0.763,20.267,-17.786,-0.382
-0.121,0.104,0.621,20.221,-10.412,1.931
-0.076,0.182,0.560,18.458,-3.351,3.496
-0.056,0.239,0.543,16.481,-0.137,4.359
-0.047,0.266,0.537,15.763,-0.679,4.397
-0.043,0.275,0.519,16.977,-3.672,3.656
-0.026,0.297,0.478,19.183,-5.939,2.710
-0.018,0.319,0.434,21.221,-5.947,2.130
-0.012,0.337,0.397,22.786,-4.565,2.443
-0.013,0.342,0.367,23.947,-2.870,3.420
-0.009,0.344,0.346,24.679,-2.046,4.733
0.002,0.340,0.325,25.038,-2.351,5.985
0.024,0.333,0.301,25.130,-3.153,6.634
0.047,0.331,0.273,25.153,-3.527,6.687
0.063,0.330,0.251,24.977,-3.519,6.275
0.067,0.330,0.231,24.374,-3.786,5.466
0.072,0.336,0.209,23.359,-4.344,4.336
0.082,0.347,0.184,22.305,-4.618,3.183
0.088,0.360,0.161,21.290,-4.565,2.168
0.088,0.370,0.136,20.198,-4.275,1.321
0.086,0.387,0.117,18.939,-3.649,0.664
0.085,0.404,0.104,17.427,-2.802,0.176
0.083,0.421,0.095,16.031,-2.206,0.061
0.081,0.430,0.087,14.817,-1.893,0.267
0.078,0.437,0.082,13.786,-2.000,0.534
0.078,0.440,0.074,12.916,-2.489,0.771
0.080,0.441,0.067,12.267,-2.939,0.771
0.080,0.443,0.055,11.756,-3.130,0.473
0.085,0.449,0.043,11.351,-3.023,0.023
0.089,0.457,0.033,10.962,-2.496,-0.397
0.086,0.465,0.026,10.427,-1.748,-0.802
0.076,0.469,0.021,9.809,-1.664,-1.122
0.070,0.472,0.017,9.130,-1.985,-1.298
0.069,0.479,0.010,8.511,-2.351,-1.298
0.068,0.483,0.003,7.969,-2.435,-1.084
0.069,0.486,-0.006,7.420,-2.130,-0.824
0.068,0.491,-0.011,6.672,-1.710,-0.565
0.063,0.493,-0.013,5.664,-1.603,-0.282
0.058,0.496,-0.015,4.580,-1.687,-0.099
0.058,0.499,-0.014,3.603,-1.794,0.153
0.061,0.500,-0.014,2.817,-1.466,0.542
0.064,0.498,-0.010,2.435,-0.802,0.748
0.067,0.496,-0.003,2.321,-0.321,0.847
0.072,0.491,0.002,2.450,-0.046,0.802

-0.211,0.425,-0.774,-46.458,-14.969,11.748
-0.124,0.217,-0.759,-64.863,-13.527,23.221
0.070,0.001,-0.579,-81.000,-3.725,34.038
0.346,-0.109,-0.278,-91.076,16.916,37.061
0.461,-0.256,0.060,-93.893,49.924,30.405
0.221,-0.513,0.547,-83.763,72.634,15.855
0.098,-0.450,1.207,-64.863,61.771,1.840
0.119,-0.136,1.637,-43.786,37.237,-6.901
0.027,-0.186,1.716,-21.183,15.282,-12.565
-0.029,-0.098,1.526,-0.977,0.313,-15.832
-0.113,-0.080,1.155,12.366,-7.351,-15.901
-0.146,-0.012,0.849,18.443,-9.824,-13.000
-0.164,0.061,0.646,17.786,-9.069,-8.786
-0.150,0.126,0.532,14.244,-7.031,-4.466
-0.109,0.191,0.470,10.282,-4.412,-0.901
-0.063,0.237,0.449,7.313,-1.351,1.275
-0.028,0.266,0.466,6.069,1.298,2.206
-0.001,0.287,0.503,6.634,2.496,2.481
0.014,0.294,0.539,8.588,2.153,2.366
0.022,0.285,0.555,11.794,0.893,2.198
0.029,0.271,0.537,16.221,-0.634,2.267
0.034,0.261,0.498,20.206,-1.779,2.603
0.042,0.249,0.444,23.267,-2.427,3.076
0.048,0.251,0.401,25.092,-2.664,3.458
0.057,0.259,0.365,25.969,-3.366,3.504
0.062,0.268,0.331,26.191,-4.107,3.275
0.069,0.278,0.299,26.053,-4.863,2.878
0.079,0.291,0.268,25.710,-5.542,2.351
0.086,0.309,0.243,25.137,-5.725,1.641
0.083,0.324,0.224,24.412,-5.298,0.786
0.081,0.343,0.209,23.595,-4.420,0.023
0.083,0.356,0.194,23.046,-3.237,-0.305
0.083,0.379,0.182,22.763,-1.969,-0.221
0.074,0.378,0.170,22.473,-1.260,0.153
0.072,0.389,0.154,22.107,-1.412,0.481
0.075,0.398,0.135,21.534,-2.107,0.565
0.081,0.415,0.117,20.664,-2.817,0.427
0.091,0.431,0.097,19.649,-3.435,0.313
0.098,0.438,0.075,18.832,-3.885,0.244
0.102,0.441,0.056,18.084,-4.031,0.053
0.108,0.443,0.036,17.473,-3.916,-0.275
0.117,0.445,0.016,16.931,-3.290,-0.710
0.120,0.454,0.000,16.305,-1.992,-1.313
0.119,0.466,-0.012,15.527,-0.824,-2.076
0.107,0.476,-0.016,14.557,-0.191,-2.733
0.091,0.482,-0.019,13.382,-0.595,-3.084
0.077,0.489,-0.019,12.076,-2.000,-3.038
0.063,0.485,-0.028,11.008,-3.374,-2.802
0.059,0.485,-0.037,10.351,-3.802,-2.473
0.058,0.489,-0.046,10.084,-2.611,-2.107

0.103,0.385,-0.938,-29.290,-7.626,-1.160
0.081,0.271,-1.024,-49.290,1.038,1.176
0.031,0.049,-0.909,-71.420,8.626,2.817
0.049,-0.168,-0.645,-91.008,17.565,2.779
0.145,-0.303,-0.309,-102.931,33.870,0.374
0.102,-0.417,0.040,-103.176,57.534,-6.038
-0.218,-0.442,0.543,-92.939,68.962,-14.924
-0.433,-0.264,1.101,-76.710,46.725,-19.779
-0.428,-0.044,1.497,-56.282,18.115,-17.328
-0.386,0.029,1.643,-31.687,3.198,-11.473
-0.369,0.010,1.535,-8.832,-6.557,-5.847
-0.342,-0.034,1.245,6.069,-13.832,-1.496
-0.258,-0.034,0.944,12.809,-18.733,1.527
-0.144,0.010,0.731,14.244,-16.588,3.809
-0.068,0.068,0.614,12.847,-10.191,5.153
-0.011,0.141,0.559,10.237,-4.756,5.282
0.024,0.199,0.549,8.061,-0.794,4.397
0.041,0.252,0.565,7.458,1.206,2.908
0.034,0.289,0.587,8.389,1.527,1.389
0.014,0.297,0.597,10.855,-0.008,0.481
-0.005,0.294,0.587,14.733,-2.374,0.137
-0.011,0.303,0.549,18.908,-4.374,0.260
-0.011,0.305,0.495,22.366,-4.763,0.763
-0.010,0.310,0.448,24.725,-3.847,1.534
-0.019,0.311,0.418,25.947,-3.221,2.405
-0.021,0.306,0.393,26.695,-3.840,3.260
-0.023,0.299,0.367,27.481,-5.267,3.809
-0.019,0.306,0.338,28.252,-6.847,3.840
-0.007,0.296,0.306,29.244,-7.603,3.588
-0.003,0.317,0.276,29.947,-7.931,3.099
0.000,0.322,0.242,30.290,-8.153,2.756
0.012,0.329,0.205,30.450,-7.908,2.771
0.022,0.341,0.173,30.313,-7.427,2.847
0.027,0.351,0.146,29.611,-7.435,2.702
0.037,0.373,0.117,28.344,-8.031,2.336
0.054,0.390,0.086,26.740,-8.679,1.939
0.070,0.398,0.055,25.618,-8.427,1.626
0.082,0.406,0.029,24.763,-7.702,1.374
0.095,0.422,0.009,23.756,-7.221,1.031
0.086,0.413,-0.012,22.412,-7.954,0.321
0.095,0.437,-0.044,20.580,-9.153,-0.359
0.101,0.448,-0.078,18.595,-9.580,-0.885
0.105,0.454,-0.111,16.733,-8.344,-1.412
0.102,0.462,-0.134,14.817,-6.718,-1.809
0.095,0.468,-0.150,12.580,-5.191,-2.107
0.091,0.472,-0.165,10.420,-3.939,-2.359
0.083,0.475,-0.171,8.298,-2.634,-2.557
0.073,0.480,-0.172,6.160,-1.374,-2.794
0.067,0.488,-0.168,4.092,-0.137,-2.954
0.057,0.488,-0.152,2.450,1.069,-2.969

-0.098,-0.327,1.042,-63.344,58.420,-19.214
-0.260,-0.119,1.428,-44.695,41.069,-25.084
-0.433,-0.049,1.604,-25.603,16.779,-22.840
-0.508,-0.013,1.538,-9.130,-4.649,-15.695
-0.490,-0.052,1.294,2.893,-19.794,-8.748
-0.372,-0.057,0.996,10.771,-24.511,-3.374
-0.271,-0.017,0.766,14.840,-19.580,0.542
-0.205,0.062,0.626,15.000,-13.046,3.496
-0.143,0.144,0.542,12.840,-8.565,5.542
-0.092,0.192,0.504,10.527,-5.908,6.198
-0.046,0.235,0.486,9.168,-4.275,5.397
-0.011,0.267,0.474,9.053,-3.107,4.023
0.019,0.287,0.469,9.824,-1.183,2.901
0.029,0.295,0.471,11.328,1.321,2.405
0.018,0.292,0.477,13.336,2.641,2.450
0.003,0.285,0.476,15.443,1.901,2.832
0.004,0.281,0.464,17.573,-0.023,3.504
0.012,0.268,0.431,19.626,-1.672,4.237
0.028,0.262,0.389,21.313,-2.282,4.588
0.035,0.267,0.360,22.382,-2.031,4.313
0.031,0.267,0.339,22.603,-2.214,3.626
0.028,0.270,0.318,22.305,-2.641,2.794
0.021,0.279,0.300,21.466,-3.405,1.916
0.015,0.294,0.286,20.130,-4.473,1.023
0.009,0.308,0.277,18.695,-5.130,0.206
0.005,0.324,0.267,17.588,-5.183,-0.405
0.002,0.325,0.261,16.977,-4.824,-0.450
0.002,0.352,0.253,16.595,-4.282,-0.168
0.005,0.367,0.243,16.275,-3.679,0.389
0.007,0.378,0.233,15.908,-2.863,0.985
0.011,0.392,0.228,15.481,-2.191,1.603
0.018,0.401,0.224,15.275,-2.008,2.191
0.027,0.406,0.220,15.397,-2.176,2.733
0.036,0.411,0.212,15.634,-2.656,3.015
0.046,0.418,0.203,15.779,-3.038,3.008
0.052,0.430,0.194,15.947,-3.282,2.702
0.056,0.431,0.185,16.275,-3.191,2.420
0.053,0.437,0.171,16.580,-3.008,2.183
0.055,0.445,0.155,16.893,-2.794,1.962
0.060,0.447,0.138,17.176,-2.550,1.901
0.063,0.449,0.116,17.313,-2.679,1.794
0.070,0.453,0.096,17.191,-3.031,1.519
0.073,0.456,0.077,16.824,-3.550,1.076
0.077,0.461,0.062,16.321,-4.328,0.611
0.080,0.459,0.044,15.893,-4.740,0.252
0.078,0.459,0.024,15.473,-4.916,-0.069
0.081,0.459,0.001,14.969,-4.687,-0.305
0.085,0.464,-0.020,14.282,-3.962,-0.481
0.087,0.471,-0.034,13.321,-3.229,-0.565
0.081,0.478,-0.050,11.962,-3.183,-0.725

0.026,-0.496,0.909,-75.015,62.198,-5.359
-0.096,-0.355,1.394,-56.336,50.656,-15.603
-0.229,-0.240,1.697,-34.809,27.580,-20.328
-0.304,-0.169,1.718,-15.550,3.397,-19.351
-0.312,-0.144,1.467,0.618,-15.702,-15.641
-0.278,-0.146,1.107,10.901,-25.847,-12.382
-0.221,-0.102,0.814,16.382,-25.137,-9.840
-0.186,-0.032,0.641,18.321,-15.954,-6.649
-0.191,0.061,0.572,16.672,-5.939,-2.427
-0.186,0.143,0.559,12.473,-1.046,1.840
-0.145,0.203,0.566,8.847,0.405,4.740
-0.098,0.239,0.586,7.611,0.298,5.893
-0.067,0.253,0.594,8.763,-1.092,5.664
-0.059,0.244,0.576,11.710,-2.969,4.794
-0.046,0.251,0.531,15.412,-4.443,4.084
-0.024,0.264,0.482,18.328,-3.038,4.183
-0.014,0.282,0.450,20.061,0.176,5.046
-0.012,0.284,0.441,20.962,2.389,6.450
-0.008,0.276,0.440,21.481,2.885,7.954
-0.004,0.256,0.437,21.969,1.275,9.015
0.015,0.240,0.422,22.504,-1.649,9.336
0.040,0.239,0.396,23.206,-4.321,8.893
0.064,0.243,0.370,24.198,-5.695,7.779
0.075,0.246,0.343,24.962,-6.160,6.473
0.083,0.260,0.310,25.313,-6.641,5.198
0.093,0.274,0.274,25.176,-6.527,4.015
0.094,0.299,0.244,24.725,-5.794,2.863
0.092,0.316,0.218,23.779,-5.160,1.992
0.089,0.332,0.195,22.397,-4.802,1.435
0.088,0.356,0.173,20.641,-4.389,1.023
0.090,0.387,0.155,18.656,-3.924,0.725
0.097,0.403,0.142,16.786,-3.351,0.802
0.101,0.410,0.132,15.504,-2.687,1.160
0.104,0.418,0.125,14.634,-2.160,1.282
0.104,0.421,0.118,14.092,-1.649,1.053
0.101,0.427,0.112,13.664,-1.359,0.618
0.099,0.439,0.105,13.290,-1.214,0.183
0.097,0.444,0.096,13.115,-0.824,-0.061
0.095,0.446,0.086,13.076,-0.588,-0.053
0.095,0.452,0.078,12.962,-0.603,0.008
0.093,0.454,0.071,12.611,-0.809,-0.099
0.089,0.459,0.063,11.870,-1.183,-0.374
0.084,0.463,0.058,10.847,-1.679,-0.695
0.075,0.470,0.054,9.641,-2.198,-1.023
0.071,0.474,0.044,8.611,-2.374,-1.115
0.066,0.477,0.040,7.924,-1.985,-0.824
0.065,0.484,0.033,7.489,-1.275,-0.313
0.062,0.491,0.029,7.168,-0.519,0.282
0.062,0.493,0.026,6.832,-0.290,0.992
0.062,0.497,0.023,6.420,-0.725,1.702

0.162,0.414,-0.846,-7.611,2.115,-0.710
0.156,0.358,-1.075,-21.718,20.198,0.321
0.068,0.191,-1.144,-45.008,29.519,0.519
-0.022,-0.078,-0.987,-73.733,26.458,-1.626
-0.006,-0.289,-0.706,-102.137,22.588,-5.511
0.025,-0.509,-0.294,-117.351,27.443,-8.504
-0.022,-0.754,0.209,-118.061,37.359,-10.733
-0.098,-0.719,0.786,-106.473,44.061,-15.634
-0.223,-0.589,1.385,-83.916,41.275,-22.992
-0.300,-0.359,1.856,-53.214,32.550,-26.878
-0.451,-0.214,1.987,-21.863,22.267,-23.947
-0.636,-0.171,1.771,1.198,4.588,-15.443
-0.587,-0.145,1.341,13.840,-12.504,-5.748
-0.415,-0.144,0.935,18.802,-20.969,1.588
-0.237,-0.118,0.693,19.481,-18.809,6.084
-0.123,-0.055,0.571,17.336,-10.168,7.427
-0.072,0.041,0.531,13.519,-2.885,6.756
-0.045,0.128,0.532,9.595,0.481,5.046
-0.032,0.196,0.553,7.298,1.107,3.107
-0.043,0.233,0.569,7.206,-0.511,1.489
-0.057,0.240,0.562,9.168,-2.916,0.511
-0.062,0.249,0.535,12.366,-4.321,0.389
-0.066,0.257,0.492,15.450,-4.489,1.107
-0.058,0.266,0.451,17.695,-3.366,2.542
-0.051,0.268,0.426,19.229,-0.985,4.260
-0.045,0.270,0.416,19.931,0.519,5.672
-0.041,0.263,0.416,20.061,0.573,6.725
-0.034,0.261,0.410,20.069,-0.771,7.069
-0.018,0.257,0.399,20.573,-2.534,6.725
-0.008,0.260,0.382,21.511,-4.435,6.145
0.011,0.261,0.352,22.511,-5.908,5.603
0.031,0.271,0.318,23.420,-5.992,5.115
0.047,0.287,0.286,24.092,-5.092,4.679
0.053,0.299,0.262,24.489,-4.137,4.252
0.053,0.311,0.240,24.267,-3.939,3.824
0.049,0.324,0.222,23.351,-4.389,3.229
0.050,0.344,0.205,21.863,-5.344,2.519
0.061,0.365,0.184,20.305,-5.885,2.069
0.070,0.383,0.164,19.031,-5.611,1.847
0.077,0.394,0.149,18.092,-4.725,1.649
0.077,0.403,0.139,17.519,-4.023,1.267
0.073,0.414,0.130,16.969,-3.878,0.718
0.069,0.424,0.117,16.351,-4.008,0.153
0.073,0.433,0.099,15.664,-4.122,-0.198
0.078,0.444,0.084,14.969,-3.840,-0.260
0.076,0.454,0.071,14.214,-3.618,-0.427
0.075,0.459,0.065,13.588,-3.595,-0.618
0.072,0.455,0.057,13.046,-3.328,-0.931
0.069,0.464,0.053,12.450,-2.779,-1.176
0.062,0.469,0.048,11.901,-2.466,-1.374

-0.100,0.451,-0.855,-28.473,-9.069,7.290
-0.114,0.324,-0.956,-42.718,3.634,12.733
-0.101,0.140,-0.902,-59.595,15.176,17.260
-0.057,-0.081,-0.720,-77.176,23.061,19.580
0.036,-0.254,-0.451,-89.458,27.908,19.053
0.142,-0.350,-0.130,-98.275,35.191,16.366
0.169,-0.467,0.207,-101.588,48.092,9.298
0.050,-0.599,0.580,-94.847,58.374,-2.031
-0.081,-0.544,1.083,-77.702,55.061,-13.397
-0.137,-0.389,1.556,-54.374,43.099,-19.794
-0.230,-0.233,1.804,-29.435,29.397,-21.099
-0.377,-0.252,1.761,-7.908,11.802,-19.206
-0.391,-0.204,1.500,7.916,-3.244,-15.321
-0.366,-0.171,1.178,18.061,-12.290,-11.229
-0.316,-0.113,0.896,21.924,-14.603,-7.771
-0.258,-0.031,0.701,22.565,-11.656,-4.641
-0.229,0.059,0.590,21.328,-6.229,-2.053
-0.211,0.155,0.535,19.023,-2.763,-0.321
-0.196,0.226,0.504,16.786,-1.534,0.626
-0.182,0.273,0.490,15.443,-1.412,1.153
-0.172,0.291,0.478,15.214,-1.992,1.779
-0.161,0.292,0.457,16.328,-2.214,2.672
-0.154,0.293,0.437,18.267,-2.137,4.000
-0.140,0.289,0.412,19.870,-2.160,5.450
-0.118,0.285,0.383,21.023,-2.321,7.137
-0.085,0.284,0.354,21.878,-2.023,8.695
-0.061,0.279,0.338,22.611,-1.168,9.595
-0.041,0.274,0.326,23.137,-0.939,9.924
-0.020,0.274,0.313,23.420,-1.382,9.847
-0.000,0.277,0.293,23.481,-2.366,9.527
0.018,0.283,0.272,23.206,-3.282,8.924
0.031,0.296,0.253,22.504,-3.809,7.977
0.045,0.309,0.232,21.519,-4.168,6.809
0.061,0.325,0.213,20.611,-4.519,5.832
0.072,0.337,0.194,19.718,-4.458,4.748
0.074,0.353,0.181,18.626,-4.130,3.435
0.076,0.372,0.168,17.237,-3.664,2.084
0.071,0.387,0.155,15.809,-3.069,0.893
0.065,0.399,0.144,14.557,-2.511,0.038
0.062,0.411,0.135,13.595,-1.962,-0.336
0.058,0.424,0.128,12.779,-1.405,-0.466
0.053,0.429,0.118,11.969,-1.191,-0.557
0.049,0.435,0.111,11.221,-1.214,-0.626
0.044,0.443,0.104,10.450,-1.412,-0.779
0.038,0.447,0.099,9.634,-1.718,-0.969
0.030,0.452,0.090,8.962,-2.122,-1.107
0.028,0.457,0.084,8.504,-2.069,-1.122
0.020,0.461,0.085,8.084,-1.573,-0.992
0.017,0.471,0.085,7.687,-0.977,-0.626
0.016,0.471,0.090,7.519,-0.252,-0.015

-0.101,0.507,-0.810,-24.672,-10.595,-0.565
-0.174,0.425,-0.900,-47.130,-12.061,8.397
-0.187,0.182,-0.860,-66.221,-10.786,17.878
-0.117,-0.045,-0.685,-79.718,-1.015,25.076
0.028,-0.162,-0.426,-88.939,14.389,28.992
0.177,-0.203,-0.122,-94.443,33.588,29.000
0.116,-0.346,0.163,-96.092,52.954,23.130
-0.040,-0.532,0.510,-91.084,58.947,12.618
-0.075,-0.469,1.038,-78.023,47.221,3.168
0.000,-0.312,1.506,-56.870,30.473,-1.954
-0.046,-0.272,1.773,-32.908,15.733,-4.511
-0.093,-0.222,1.748,-10.275,-2.397,-6.931
-0.081,-0.209,1.442,6.725,-13.863,-8.450
-0.068,-0.178,1.098,18.046,-14.145,-7.901
-0.071,-0.099,0.852,23.374,-8.947,-5.084
-0.078,0.013,0.717,23.389,-4.076,-1.069
-0.046,0.120,0.649,20.321,-1.412,2.733
0.010,0.192,0.618,17.313,-0.115,5.260
0.044,0.214,0.617,16.458,0.176,6.023
0.062,0.228,0.621,18.038,-1.656,5.099
0.074,0.234,0.597,20.710,-4.275,3.466
0.085,0.238,0.550,24.000,-5.069,1.908
0.073,0.238,0.497,27.160,-4.733,0.809
0.064,0.246,0.442,29.588,-4.298,0.282
0.055,0.256,0.388,31.191,-3.679,0.176
0.049,0.270,0.341,31.786,-3.214,0.382
0.051,0.289,0.297,31.634,-3.374,0.779
0.057,0.299,0.256,30.977,-4.137,1.198
0.067,0.309,0.223,29.588,-5.145,1.282
0.077,0.320,0.194,28.000,-6.153,0.969
0.086,0.326,0.164,26.275,-6.969,0.321
0.092,0.339,0.132,24.435,-7.275,-0.710
0.106,0.361,0.104,22.725,-6.679,-1.756
0.109,0.375,0.084,21.298,-4.916,-2.664
0.101,0.387,0.069,19.962,-3.038,-3.397
0.089,0.401,0.061,18.595,-2.206,-3.748
0.075,0.409,0.051,17.122,-2.427,-3.832
0.064,0.423,0.036,15.588,-3.328,-3.840
0.054,0.431,0.025,13.824,-4.786,-3.718
0.046,0.446,0.014,11.977,-6.053,-3.542
0.049,0.460,0.001,10.198,-6.794,-3.130
0.055,0.467,-0.010,8.870,-6.359,-2.519
0.061,0.468,-0.016,8.130,-4.183,-2.008
0.068,0.472,-0.015,7.695,-0.992,-1.511
0.065,0.477,-0.004,7.145,1.779,-1.168
0.061,0.480,0.008,6.618,3.092,-1.015
0.053,0.479,0.023,6.229,2.885,-0.992
0.044,0.482,0.033,5.901,1.534,-1.183
0.036,0.485,0.038,5.496,-0.733,-1.321
0.032,0.485,0.029,5.130,-2.786,-1.137

-0.131,-0.449,0.839,-83.092,46.519,-2.412
-0.152,-0.380,1.344,-64.000,35.580,-9.191
-0.166,-0.256,1.699,-40.908,25.427,-11.496
-0.269,-0.204,1.838,-16.992,11.420,-11.183
-0.322,-0.179,1.666,2.435,-4.954,-9.672
-0.290,-0.154,1.331,16.565,-16.916,-7.542
-0.231,-0.099,0.994,24.160,-20.511,-5.328
-0.169,-0.009,0.758,27.519,-17.130,-2.939
-0.128,0.096,0.633,27.664,-10.053,-0.534
-0.107,0.188,0.580,26.145,-4.664,1.649
-0.102,0.233,0.550,25.206,-2.870,3.282
-0.105,0.249,0.535,25.893,-3.718,3.985
-0.110,0.265,0.517,27.435,-6.427,3.992
-0.100,0.273,0.476,29.458,-8.817,4.023
-0.089,0.278,0.430,31.473,-9.412,4.481
-0.081,0.283,0.383,33.374,-8.595,5.389
-0.068,0.285,0.337,34.763,-7.267,6.672
-0.049,0.284,0.293,35.985,-5.603,8.137
-0.023,0.277,0.254,36.718,-4.511,9.443
0.003,0.274,0.212,36.527,-4.649,10.191
0.033,0.285,0.169,35.420,-5.557,10.084
0.071,0.296,0.129,33.802,-6.534,9.366
0.102,0.304,0.095,31.847,-7.344,8.168
0.121,0.320,0.054,29.550,-8.328,6.527
0.138,0.336,0.018,26.916,-9.389,4.473
0.148,0.355,-0.018,24.534,-9.611,2.573
0.158,0.376,-0.049,22.244,-8.695,0.916
0.164,0.394,-0.073,20.183,-6.664,-0.305
0.159,0.403,-0.088,18.351,-4.176,-1.252
0.147,0.413,-0.097,16.573,-2.405,-1.954
0.137,0.430,-0.099,14.573,-2.008,-2.542
0.126,0.444,-0.105,12.389,-2.435,-3.069
0.117,0.452,-0.113,10.466,-2.740,-3.489
0.115,0.466,-0.117,8.779,-2.450,-3.710
0.101,0.465,-0.113,7.405,-1.740,-3.855
0.095,0.479,-0.108,6.107,-0.641,-3.802
0.083,0.485,-0.099,4.863,0.565,-3.649
0.066,0.489,-0.086,3.756,1.336,-3.496
0.049,0.496,-0.073,2.840,1.313,-3.221
0.036,0.499,-0.061,2.214,0.679,-2.733
0.027,0.501,-0.054,1.847,-0.252,-2.038
0.027,0.500,-0.052,1.618,-1.221,-1.198
0.036,0.499,-0.057,1.435,-1.794,-0.397
0.053,0.495,-0.060,1.244,-1.389,0.206
0.064,0.494,-0.061,0.924,-0.511,0.366
0.070,0.496,-0.054,0.405,0.099,0.260
0.070,0.496,-0.045,-0.183,0.107,0.115
0.069,0.492,-0.040,-0.550,-0.305,0.008
0.070,0.490,-0.034,-0.626,-0.504,-0.031
0.073,0.493,-0.031,-0.649,-0.382,-0.008

